file,title,date
VAM_0_Einstein_to_Vortex_Fluid/Cover_Letter_Iskandarani.txt,,
VAM_0_Einstein_to_Vortex_Fluid/main-O.Iskandarani.tex,,
VAM_0_Einstein_to_Vortex_Fluid/main-O.Iskandarani.tex,section: Introduction,
VAM_0_Einstein_to_Vortex_Fluid/main-O.Iskandarani.tex,section: Reevaluating Einstein’s Supposed Rejection of the Æther,
VAM_0_Einstein_to_Vortex_Fluid/main-O.Iskandarani.tex,section: Multimodal Time: The Ætheric Temporal Ontology,
VAM_0_Einstein_to_Vortex_Fluid/main-O.Iskandarani.tex,section: Connection to the Vortex Æther Model (VAM),
VAM_0_Einstein_to_Vortex_Fluid/main-O.Iskandarani.tex,section: Historical Continuity and Outlook,
VAM_0_Einstein_to_Vortex_Fluid/main-O.Iskandarani.tex,section: Appendix I: Helmholtz and the Foundations of Vortex Physics,
VAM_0_Einstein_to_Vortex_Fluid/main-O.Iskandarani.tex,section: Appendix II: Lord Kelvin and the Knot-Æther Critique,
VAM_0_Einstein_to_Vortex_Fluid/main-O.Iskandarani.tex,section: Appendix III: James Clerk Maxwell on the Æther and the Vortex Atom Theory,
VAM_0_Einstein_to_Vortex_Fluid/main-O.Iskandarani.tex,section: Appendix IV: Einstein on the Æther — Translated Quotes and VAM Equivalents,
VAM_0_Einstein_to_Vortex_Fluid/main-O.Iskandarani.tex,section: Appendix V: VAM Resolution of Einstein’s Final Æther Paradox,
VAM_0_Einstein_to_Vortex_Fluid/main-O.Iskandarani.tex,section: Final Reflection: Æther Past and Future,
VAM_0_Einstein_to_Vortex_Fluid/main-O.Iskandarani.tex,section: Short Biography of Authors,
VAM_0_Einstein_to_Vortex_Fluid/main.tex,Revisiting the Æther:\\ From Einstein to the Vortex Fluid Paradigm,\today
VAM_0_Einstein_to_Vortex_Fluid/main.tex,section: Introduction,
VAM_0_Einstein_to_Vortex_Fluid/main.tex,section: Reevaluating Einstein’s Supposed Rejection of the Æther,
VAM_0_Einstein_to_Vortex_Fluid/main.tex,section: Multimodal Time: The Ætheric Temporal Ontology,
VAM_0_Einstein_to_Vortex_Fluid/main.tex,section: Connection to the Vortex Æther Model (VAM),
VAM_0_Einstein_to_Vortex_Fluid/main.tex,section: Historical Continuity and Outlook,
VAM_0_Einstein_to_Vortex_Fluid/main.tex,section: Appendix I: Helmholtz and the Foundations of Vortex Physics,
VAM_0_Einstein_to_Vortex_Fluid/main.tex,section: Appendix II: Lord Kelvin and the Knot-Æther Critique,
VAM_0_Einstein_to_Vortex_Fluid/main.tex,section: Appendix III: James Clerk Maxwell on the Æther and the Vortex Atom Theory,
VAM_0_Einstein_to_Vortex_Fluid/main.tex,section: Appendix IV: Einstein on the Æther — Translated Quotes and VAM Equivalents,
VAM_0_Einstein_to_Vortex_Fluid/main.tex,section: Appendix V: VAM Resolution of Einstein’s Final Æther Paradox,
VAM_0_Einstein_to_Vortex_Fluid/main.tex,section: Final Reflection: Æther Past and Future,
VAM_0_Einstein_to_Vortex_Fluid/main.tex,section: Acknowledgements,
VAM_0_Einstein_to_Vortex_Fluid/main.tex,section: Author Contributions,
VAM_0_Einstein_to_Vortex_Fluid/README.txt,,
VAM_0_Einstein_to_Vortex_Fluid/references.bib,,
VAM_0_Einstein_to_Vortex_Fluid/Definitions/journalnames.tex,,
VAM_0_Einstein_to_Vortex_Fluid/figures/plot_OntologyOfMass.tex,,
VAM_0_Einstein_to_Vortex_Fluid/figures/plot_OntologyTimeWesternScience.tex,,
VAM_0_Einstein_to_Vortex_Fluid/figures/plot_SimultaneityTheories.tex,,
VAM_0_Einstein_to_Vortex_Fluid/figures/plot_WaveParticle.tex,,
VAM_0_Einstein_to_Vortex_Fluid/sections/01_Introduction.tex,,
VAM_0_Einstein_to_Vortex_Fluid/sections/02_Rejection_Æther.tex,,
VAM_0_Einstein_to_Vortex_Fluid/sections/02_Rejection_Æther.tex,section: The Return of the Æther Concept (1920),
VAM_0_Einstein_to_Vortex_Fluid/sections/02_Rejection_Æther.tex,section: Æther as Carrier of Field Quality,
VAM_0_Einstein_to_Vortex_Fluid/sections/02_Rejection_Æther.tex,section: Emergent Lorentz Symmetry from Swirl Fields,
VAM_0_Einstein_to_Vortex_Fluid/sections/03_MultimodalTime.tex,,
VAM_0_Einstein_to_Vortex_Fluid/sections/04_ConnectionToVAM.tex,,
VAM_0_Einstein_to_Vortex_Fluid/sections/04_ConnectionToVAM.tex,subsection: Wave–Particle Duality Reconsidered,
VAM_0_Einstein_to_Vortex_Fluid/sections/05_ConclusionOutlook.tex,,
VAM_0_Einstein_to_Vortex_Fluid/sections/05_ConclusionOutlook.tex,section: Conclusion and Forward Outlook: Æther Reclaimed,
VAM_0_Einstein_to_Vortex_Fluid/sections/05_ConclusionOutlook.tex,subsection: Future Directions and Experimental Signatures,
VAM_0_Einstein_to_Vortex_Fluid/sections/A1_Helmholtz.tex,,
VAM_0_Einstein_to_Vortex_Fluid/sections/A1_Helmholtz.tex,subsection: 1. Vorticity is conserved along fluid lines,
VAM_0_Einstein_to_Vortex_Fluid/sections/A1_Helmholtz.tex,subsection: 2. Vortex lines cannot end in a fluid — they form closed loops or extend to boundaries,
VAM_0_Einstein_to_Vortex_Fluid/sections/A1_Helmholtz.tex,subsection: 3. Circulation is invariant under ideal flow,
VAM_0_Einstein_to_Vortex_Fluid/sections/A1_Helmholtz.tex,subsection: Historical Legacy,
VAM_0_Einstein_to_Vortex_Fluid/sections/A2_Kelvin.tex,,
VAM_0_Einstein_to_Vortex_Fluid/sections/A2_Kelvin.tex,subsection: Historical Context,
VAM_0_Einstein_to_Vortex_Fluid/sections/A2_Kelvin.tex,subsection: Kelvin's Principal Objection,
VAM_0_Einstein_to_Vortex_Fluid/sections/A2_Kelvin.tex,subsection: Experimental Shortcomings,
VAM_0_Einstein_to_Vortex_Fluid/sections/A2_Kelvin.tex,subsection: Comparison to the Modern Particle Zoo,
VAM_0_Einstein_to_Vortex_Fluid/sections/A2_Kelvin.tex,subsection: The VAM Response,
VAM_0_Einstein_to_Vortex_Fluid/sections/A2_Kelvin.tex,subsection: Concluding Reflection,
VAM_0_Einstein_to_Vortex_Fluid/sections/A3_Maxwell.tex,,
VAM_0_Einstein_to_Vortex_Fluid/sections/A3_Maxwell.tex,subsection: Maxwell's View on the Æther,
VAM_0_Einstein_to_Vortex_Fluid/sections/A3_Maxwell.tex,subsection: Maxwell and the Vortex Atom Theory,
VAM_0_Einstein_to_Vortex_Fluid/sections/A3_Maxwell.tex,subsection: Legacy and Connection to VAM,
VAM_0_Einstein_to_Vortex_Fluid/sections/A3_Maxwell.tex,subsection: Reflection,
VAM_0_Einstein_to_Vortex_Fluid/sections/A4_Einstein.tex,,
VAM_0_Einstein_to_Vortex_Fluid/sections/A4_Einstein.tex,subsection: 1. ``Der Raum ohne Äther ist undenkbar..'',
VAM_0_Einstein_to_Vortex_Fluid/sections/A4_Einstein.tex,"subsection: 2. ``Es scheint, als sei die Einführung eines Äthers überflüssig...''",
VAM_0_Einstein_to_Vortex_Fluid/sections/A4_Einstein.tex,subsection: 3. ``Der Äther darf nicht als ein Medium mit mechanischen Eigenschaften gedacht werden...'',
VAM_0_Einstein_to_Vortex_Fluid/sections/A4_Einstein.tex,subsection: 4. ``Das Gravitationsfeld selbst kann als ein Zustand dieses Äthers angesehen werden.'',
VAM_0_Einstein_to_Vortex_Fluid/sections/A4_Einstein.tex,subsection: 5. ``Die Zeit ist in einem Gravitationsfeld anders definiert...'',
VAM_0_Einstein_to_Vortex_Fluid/sections/A5_VAM.tex,,
VAM_0_Einstein_to_Vortex_Fluid/sections/A5_VAM.tex,subsubsection: Einstein’s Final Æther Statement (1920),
VAM_0_Einstein_to_Vortex_Fluid/sections/A5_VAM.tex,subsubsection: VAM Resolution: Internal Motion Without Bulk Translation,
VAM_0_Einstein_to_Vortex_Fluid/sections/A5_VAM.tex,subsubsection: Clocks and Rods from Swirl Geometry,
VAM_0_Einstein_to_Vortex_Fluid/sections/A5_VAM.tex,subsubsection: Reinterpreting “No Trackable Parts”,
VAM_0_Einstein_to_Vortex_Fluid/sections/A5_VAM.tex,subsubsection: Conclusion: From Silent Substrate to Structured Swirl,
VAM_1_TimeDilation_in_3D/1-Time_Dilation_in_3D_Superfluid_Æther_Model.bib,,
VAM_1_TimeDilation_in_3D/VAM-1-TimeDilationHydrogen.tex,,
VAM_1_TimeDilation_in_3D/VAM-1-TimeDilationHydrogen.tex,section: Abstract,
VAM_1_TimeDilation_in_3D/VAM-1-TimeDilationHydrogen.tex,section: Introduction,
VAM_1_TimeDilation_in_3D/VAM-1-TimeDilationHydrogen.tex,section: 2. Core Assumptions of the 3D Superfluid Æther Model,
VAM_1_TimeDilation_in_3D/VAM-1-TimeDilationHydrogen.tex,section: 3. Derivation of the Swirl-Induced Time Dilation Law,
VAM_1_TimeDilation_in_3D/VAM-1-TimeDilationHydrogen.tex,subsection: 3.1 Geometry of the Flow,
VAM_1_TimeDilation_in_3D/VAM-1-TimeDilationHydrogen.tex,subsection: 3.2 Linking Swirl to Proper Time,
VAM_1_TimeDilation_in_3D/VAM-1-TimeDilationHydrogen.tex,subsection: 3.3 The Laboratory Thought Experiment,
VAM_1_TimeDilation_in_3D/VAM-1-TimeDilationHydrogen.tex,section: 4. Extending to a 3D Swirl Field,
VAM_1_TimeDilation_in_3D/VAM-1-TimeDilationHydrogen.tex,subsection: 4.1 From Cylinders to Curves,
VAM_1_TimeDilation_in_3D/VAM-1-TimeDilationHydrogen.tex,subsection: 4.2 Generalized Time Dilation Formula,
VAM_1_TimeDilation_in_3D/VAM-1-TimeDilationHydrogen.tex,subsection: 4.3 The Gravitational Analogy,
VAM_1_TimeDilation_in_3D/VAM-1-TimeDilationHydrogen.tex,section: 5. Comparison with Schwarzschild Time Dilation,
VAM_1_TimeDilation_in_3D/VAM-1-TimeDilationHydrogen.tex,subsection: 5.1 Matching the Functional Form,
VAM_1_TimeDilation_in_3D/VAM-1-TimeDilationHydrogen.tex,subsection: 5.2 Interpretation,
VAM_1_TimeDilation_in_3D/VAM-1-TimeDilationHydrogen.tex,subsection: 5.3 Limitations,
VAM_1_TimeDilation_in_3D/VAM-1-TimeDilationHydrogen.tex,section: Time Dilation in Hydrogen Atoms within the Vortex Æther Model,
VAM_1_TimeDilation_in_3D/VAM-1-TimeDilationHydrogen.tex,subsection: Special Relativity Case: One Atom Moving at High Velocity,
VAM_1_TimeDilation_in_3D/VAM-1-TimeDilationHydrogen.tex,subsection: General Relativity Case: One Atom Near a Massive Object,
VAM_1_TimeDilation_in_3D/VAM-1-TimeDilationHydrogen.tex,section: 6. Possible Tests of the Model,
VAM_1_TimeDilation_in_3D/VAM-1-TimeDilationHydrogen.tex,subsection: 6.1 Laboratory-Scale Experiments,
VAM_1_TimeDilation_in_3D/VAM-1-TimeDilationHydrogen.tex,subsection: 6.2 Astrophysical Clues,
VAM_1_TimeDilation_in_3D/VAM-1-TimeDilationHydrogen.tex,"subsection: 6.3 The “Small Difference, Big Stakes” Principle",
VAM_1_TimeDilation_in_3D/VAM-1-TimeDilationHydrogen.tex,subsection: Physical Interpretation,
VAM_1_TimeDilation_in_3D/VAM-1-TimeDilationHydrogen.tex,section: Discussion and Conclusion,
VAM_1_TimeDilation_in_3D/VAM-1-Time_Dilation_in_3D_Superfluid_Æther_Model.tex,Time Dilation in a 3D Superfluid Æther Model\\  Based on Vortex Core Rotation and Ætheric Flow,\today
VAM_1_TimeDilation_in_3D/Tijddilatatie/1-Tijdsdilatatie_in_3D_Superfluïde_Æther_Model.bib,,
VAM_1_TimeDilation_in_3D/Tijddilatatie/1-Tijdsdilatatie_in_3D_Superfluïde_Æther_Model.tex,"Tijddilatatie in een 3D Superfluïde Æther Model, Gebaseerd op Wervel kernrotatie en ætherische Stroom",\today
VAM_1_TimeDilation_in_3D/Tijddilatatie/1-Tijdsdilatatie_in_3D_Superfluïde_Æther_Model.tex,section: Abstract,
VAM_1_TimeDilation_in_3D/Tijddilatatie/1_introductie.tex,,
VAM_1_TimeDilation_in_3D/Tijddilatatie/1_introductie.tex,section: Introductie,
VAM_1_TimeDilation_in_3D/Tijddilatatie/2_supervloeistof_æther_geraamte.tex,,
VAM_1_TimeDilation_in_3D/Tijddilatatie/2_supervloeistof_æther_geraamte.tex,section: Superfluïde Æther Framework,
VAM_1_TimeDilation_in_3D/Tijddilatatie/3_vortex_klokken.tex,,
VAM_1_TimeDilation_in_3D/Tijddilatatie/3_vortex_klokken.tex,section: Wervelklokken en juiste tijd,
VAM_1_TimeDilation_in_3D/Tijddilatatie/4_speciale_relativiteit.tex,,
VAM_1_TimeDilation_in_3D/Tijddilatatie/4_speciale_relativiteit.tex,section: Tijddilatatie door relatieve beweging,
VAM_1_TimeDilation_in_3D/Tijddilatatie/4_speciale_relativiteit.tex,subsection: (a) Kinematische afleiding,
VAM_1_TimeDilation_in_3D/Tijddilatatie/4_speciale_relativiteit.tex,subsection: (b) Vloeistofdynamische interpretatie,
VAM_1_TimeDilation_in_3D/Tijddilatatie/4_speciale_relativiteit.tex,subsection: Implication,
VAM_1_TimeDilation_in_3D/Tijddilatatie/5_gravitationele_tijd_dilatatie.tex,,
VAM_1_TimeDilation_in_3D/Tijddilatatie/5_gravitationele_tijd_dilatatie.tex,section: Gravitationele Tijddilatatie,
VAM_1_TimeDilation_in_3D/Tijddilatatie/5_gravitationele_tijd_dilatatie.tex,subsection: Ætherstroom als zwaartekracht,
VAM_1_TimeDilation_in_3D/Tijddilatatie/5_gravitationele_tijd_dilatatie.tex,subsection: Ætherweerstand en klokvertraging,
VAM_1_TimeDilation_in_3D/Tijddilatatie/5_gravitationele_tijd_dilatatie.tex,subsection: Interpretatie,
VAM_1_TimeDilation_in_3D/Tijddilatatie/5_gravitationele_tijd_dilatatie.tex,subsection: Alternatieve afleiding via Æther-drukgradiënten,
VAM_1_TimeDilation_in_3D/Tijddilatatie/6_gecombineerde_effecten.tex,,
VAM_1_TimeDilation_in_3D/Tijddilatatie/6_gecombineerde_effecten.tex,section: Gecombineerde effecten en verdere voorspellingen,
VAM_1_TimeDilation_in_3D/Tijddilatatie/6_gecombineerde_effecten.tex,subsection: Gecombineerde beweging en gravitationeel veld,
VAM_1_TimeDilation_in_3D/Tijddilatatie/6_gecombineerde_effecten.tex,subsection: Voorbeeld: Circulaire baantijddilatatie,
VAM_1_TimeDilation_in_3D/Tijddilatatie/6_gecombineerde_effecten.tex,subsection: Implicaties nabij een horizon,
VAM_1_TimeDilation_in_3D/Tijddilatatie/6_gecombineerde_effecten.tex,subsection: Consistentie van kwantum- en kosmische schaal,
VAM_1_TimeDilation_in_3D/Tijddilatatie/6_gecombineerde_effecten.tex,subsection: Uniforme interpretatie,
VAM_1_TimeDilation_in_3D/Tijddilatatie/7_conclusie.tex,,
VAM_1_TimeDilation_in_3D/Tijddilatatie/7_conclusie.tex,section: Conclusie,
VAM_1_TimeDilation_in_3D/Tijddilatatie/appendix_A.tex,,
VAM_1_TimeDilation_in_3D/Tijddilatatie/appendix_A.tex,section: Appendix A: Macroscopische Klokken als Samengestelde Wervelstructuren,
VAM_1_TimeDilation_in_3D/Tijddilatatie/appendix_A.tex,subsection: Tijddilatatie van individuele wervels,
VAM_1_TimeDilation_in_3D/Tijddilatatie/appendix_A.tex,subsection: Samengestelde wervelsystemen,
VAM_1_TimeDilation_in_3D/Tijddilatatie/appendix_A.tex,subsection: Decoherente systemen,
VAM_1_TimeDilation_in_3D/Tijddilatatie/appendix_A.tex,subsection: Conclusie,
VAM_1_TimeDilation_in_3D/Tijddilatatie/appendix_B.tex,,
VAM_1_TimeDilation_in_3D/Tijddilatatie/appendix_B.tex,section: Appendix B: Afwijkende Voorspellingen ten opzichte van Algemene Relativiteit,
VAM_1_TimeDilation_in_3D/Tijddilatatie/appendix_B.tex,subsection: 1. Tijddilatatie in roterende superfluïda,
VAM_1_TimeDilation_in_3D/Tijddilatatie/appendix_B.tex,subsection: 2. Vorticiteitsafhankelijke vertraging in LENR-achtige systemen,
VAM_1_TimeDilation_in_3D/Tijddilatatie/appendix_B.tex,subsection: 3. Lichtafbuiging zonder ruimtetijdkromming,
VAM_1_TimeDilation_in_3D/TimeDilation/1_introduction.tex,,
VAM_1_TimeDilation_in_3D/TimeDilation/1_introduction.tex,section: Introduction,
VAM_1_TimeDilation_in_3D/TimeDilation/2_superfluid_æther_framework.tex,,
VAM_1_TimeDilation_in_3D/TimeDilation/2_superfluid_æther_framework.tex,section: Superfluid Æther Framework,
VAM_1_TimeDilation_in_3D/TimeDilation/2_superfluid_æther_framework.tex,subsection: Ætheric Pressure and Density Notation,
VAM_1_TimeDilation_in_3D/TimeDilation/2_superfluid_æther_framework.tex,subsection: Interpretation: Time as Local Phase in a Shared Now,
VAM_1_TimeDilation_in_3D/TimeDilation/2_superfluid_æther_framework.tex,subsection: Fundamental Constants and Relations,
VAM_1_TimeDilation_in_3D/TimeDilation/3_vortex_clocks.tex,,
VAM_1_TimeDilation_in_3D/TimeDilation/3_vortex_clocks.tex,section: Vortex Clocks and Proper Time,
VAM_1_TimeDilation_in_3D/TimeDilation/4_special_relativity.tex,,
VAM_1_TimeDilation_in_3D/TimeDilation/4_special_relativity.tex,section: Time Dilation from Relative Motion,
VAM_1_TimeDilation_in_3D/TimeDilation/4_special_relativity.tex,subsection: (a) Kinematic Derivation,
VAM_1_TimeDilation_in_3D/TimeDilation/4_special_relativity.tex,subsection: (b) Fluid-Dynamic Interpretation,
VAM_1_TimeDilation_in_3D/TimeDilation/4_special_relativity.tex,subsection: Implication,
VAM_1_TimeDilation_in_3D/TimeDilation/4_special_relativity.tex,section: Generalized Dilation from Swirl Field Tension,
VAM_1_TimeDilation_in_3D/TimeDilation/5_gravitational_time_dilation.tex,,
VAM_1_TimeDilation_in_3D/TimeDilation/5_gravitational_time_dilation.tex,section: Gravitational Time Dilation via Æther Flow,
VAM_1_TimeDilation_in_3D/TimeDilation/5_gravitational_time_dilation.tex,subsection: 5A. Æther Flow as Gravity,
VAM_1_TimeDilation_in_3D/TimeDilation/5_gravitational_time_dilation.tex,subsection: Æther Drag and Clock Slowdown,
VAM_1_TimeDilation_in_3D/TimeDilation/5_gravitational_time_dilation.tex,subsection: Interpretation,
VAM_1_TimeDilation_in_3D/TimeDilation/5_gravitational_time_dilation.tex,subsection: 5B. Alternative Derivation via Swirl Tension Field,
VAM_1_TimeDilation_in_3D/TimeDilation/5_gravitational_time_dilation.tex,subsection: 5C. Bernoulli Interpretation via Æther Pressure Gradients,
VAM_1_TimeDilation_in_3D/TimeDilation/6_combined_effects.tex,,
VAM_1_TimeDilation_in_3D/TimeDilation/6_combined_effects.tex,section: Combined Effects and Further Predictions,
VAM_1_TimeDilation_in_3D/TimeDilation/6_combined_effects.tex,subsection: Combined Motion and Gravitational Field,
VAM_1_TimeDilation_in_3D/TimeDilation/6_combined_effects.tex,subsection: Example: Circular Orbit Time Dilation,
VAM_1_TimeDilation_in_3D/TimeDilation/6_combined_effects.tex,subsection: Implications Near a Horizon,
VAM_1_TimeDilation_in_3D/TimeDilation/6_combined_effects.tex,subsection: Quantum and Cosmic-Scale Consistency,
VAM_1_TimeDilation_in_3D/TimeDilation/6_combined_effects.tex,subsection: Unified Interpretation,
VAM_1_TimeDilation_in_3D/TimeDilation/7_conclusion.tex,,
VAM_1_TimeDilation_in_3D/TimeDilation/7_conclusion.tex,section: Conclusion,
VAM_1_TimeDilation_in_3D/TimeDilation/appendix_A.tex,,
VAM_1_TimeDilation_in_3D/TimeDilation/appendix_A.tex,section: Appendix A:,
VAM_1_TimeDilation_in_3D/TimeDilation/appendix_A.tex,section: Macroscopic Clocks as Composite Vortex Structures,
VAM_1_TimeDilation_in_3D/TimeDilation/appendix_A.tex,subsection: 1. Time dilation of individual vortices,
VAM_1_TimeDilation_in_3D/TimeDilation/appendix_A.tex,subsection: 2. Compound vortex systems,
VAM_1_TimeDilation_in_3D/TimeDilation/appendix_A.tex,subsection: 3. Decoherent systems,
VAM_1_TimeDilation_in_3D/TimeDilation/appendix_A.tex,subsection: Conclusion,
VAM_1_TimeDilation_in_3D/TimeDilation/appendix_B.tex,,
VAM_1_TimeDilation_in_3D/TimeDilation/appendix_B.tex,section: Appendix B:,
VAM_1_TimeDilation_in_3D/TimeDilation/appendix_B.tex,section: Deviating Predictions from General Relativity,
VAM_1_TimeDilation_in_3D/TimeDilation/appendix_B.tex,subsection: 1. Time dilation in rotating superfluids,
VAM_1_TimeDilation_in_3D/TimeDilation/appendix_B.tex,subsection: 2. Vorticity-dependent delay in LENR-like systems,
VAM_1_TimeDilation_in_3D/TimeDilation/appendix_B.tex,subsection: 3. Light Bending Without Spacetime Curvature,
VAM_1_TimeDilation_in_3D/TimeDilation/appendix_C.tex,,
VAM_1_TimeDilation_in_3D/TimeDilation/appendix_C.tex,section: Appendix C:,
VAM_1_TimeDilation_in_3D/TimeDilation/appendix_C.tex,section: Temporal Structures in the Vortex Æther Model (VAM),
VAM_1_TimeDilation_in_3D/TimeDilation/appendix_C.tex,subsection: Aithēr-Time $\mathcal{N,
VAM_1_TimeDilation_in_3D/TimeDilation/appendix_C.tex,subsection: Now-Point $\nu_0$ — Local Present Intersection,
VAM_1_TimeDilation_in_3D/TimeDilation/appendix_C.tex,"subsection: Swirl Clock $S(t)$ — Phase Evolution, Continuous Identity",
VAM_1_TimeDilation_in_3D/TimeDilation/appendix_C.tex,"subsection: Vortex Time $T_v$ — Topological Duration, Internal Clock",
VAM_1_TimeDilation_in_3D/TimeDilation/appendix_C.tex,"subsection: Chronos-Time $\tau$ — Measurable, External Flow",
VAM_1_TimeDilation_in_3D/TimeDilation/appendix_C.tex,subsection: Kairos Moment $\mathbb{K,
VAM_2_Swirl_Clocks/2-Swirl_Clocks_and_Vorticity-Induced_Gravity.bib,,
VAM_2_Swirl_Clocks/ONLINE-2-Swirl_Clocks_Appendices.tex,Swirl Clock Appendices\\[0.5em],\today
VAM_2_Swirl_Clocks/VAM-2-Swirl_Clocks_and_Vorticity-Induced_Gravity.tex,"Swirl Clocks and Vorticity-Induced Gravity\\[0.25em]
\large Reformulating Relativity in a Structured Æther",\today
VAM_2_Swirl_Clocks/vam_enhanced.tex,Emergent General Relativity from Structured Swirl Dynamics in the Vortex Æther Model (VAM),\today
VAM_2_Swirl_Clocks/vam_enhanced.tex,section: Key Equations and Definitions,
VAM_2_Swirl_Clocks/vam_enhanced.tex,section: Temporal Constructs in VAM,
VAM_2_Swirl_Clocks/vam_enhanced.tex,section: Gravitational Redshift Analogue,
VAM_2_Swirl_Clocks/vam_enhanced.tex,section: Conclusion,
VAM_2_Swirl_Clocks/Swirl_Clocks/00_Introduction.tex,,
VAM_2_Swirl_Clocks/Swirl_Clocks/00_Introduction.tex,section: Introduction,
VAM_2_Swirl_Clocks/Swirl_Clocks/00_Introduction.tex,section: Æther Revisited: From Historical Medium to Vorticity Field,
VAM_2_Swirl_Clocks/Swirl_Clocks/00_Introduction.tex,subsection: Postulates of the Vortex Æther Model,
VAM_2_Swirl_Clocks/Swirl_Clocks/00_Introduction.tex,subsection: Fundamental VAM constants,
VAM_2_Swirl_Clocks/Swirl_Clocks/00_Introduction.tex,subsection: Planck scale and topological mass,
VAM_2_Swirl_Clocks/Swirl_Clocks/00_Introduction.tex,subsection: Emergent quantum constants and Schrödinger equation,
VAM_2_Swirl_Clocks/Swirl_Clocks/00_Introduction.tex,subsection: LENR and eddy quantum effects,
VAM_2_Swirl_Clocks/Swirl_Clocks/00_Introduction.tex,subsection: Summary of GR and VAM observables,
VAM_2_Swirl_Clocks/Swirl_Clocks/01_Time_Dilation_from_Vortex_Dynamics.tex,,
VAM_2_Swirl_Clocks/Swirl_Clocks/01_Time_Dilation_from_Vortex_Dynamics.tex,subsection: Temporal Ontology in the Vortex Æther Model,
VAM_2_Swirl_Clocks/Swirl_Clocks/01_Time_Dilation_from_Vortex_Dynamics.tex,section: Scale-dependent Æther Densities in VAM,
VAM_2_Swirl_Clocks/Swirl_Clocks/01_Time_Dilation_from_Vortex_Dynamics.tex,subsection: 1. Fluid Density: Constant Background,
VAM_2_Swirl_Clocks/Swirl_Clocks/01_Time_Dilation_from_Vortex_Dynamics.tex,subsection: 2. Energy Density: Core-Localized,
VAM_2_Swirl_Clocks/Swirl_Clocks/01_Time_Dilation_from_Vortex_Dynamics.tex,subsection: 3. Transition Profile,
VAM_2_Swirl_Clocks/Swirl_Clocks/01_Time_Dilation_from_Vortex_Dynamics.tex,section: Layered Time Dilation from Swirl Dynamics,
VAM_2_Swirl_Clocks/Swirl_Clocks/01_Time_Dilation_from_Vortex_Dynamics.tex,subsection: Derivation from vortex hydrodynamics,
VAM_2_Swirl_Clocks/Swirl_Clocks/01_Time_Dilation_from_Vortex_Dynamics.tex,subsection: GR vs VAM: Temporal Flow and Causality,
VAM_2_Swirl_Clocks/Swirl_Clocks/01_Time_Dilation_from_Vortex_Dynamics.tex,subsection: Practical implications and experimental testability,
VAM_2_Swirl_Clocks/Swirl_Clocks/02_entropy.tex,,
VAM_2_Swirl_Clocks/Swirl_Clocks/02_entropy.tex,section: Entropy and Quantum Effects in the Vortex Æther Model,
VAM_2_Swirl_Clocks/Swirl_Clocks/02_entropy.tex,subsection: Entropy as vorticity distribution,
VAM_2_Swirl_Clocks/Swirl_Clocks/02_entropy.tex,subsection: Quantum behavior from knotted vortex structures,
VAM_2_Swirl_Clocks/Swirl_Clocks/02_entropy.tex,subsection: VAM interpretation of quantization and duality,
VAM_2_Swirl_Clocks/Swirl_Clocks/02_entropy.tex,subsection: Summary,
VAM_2_Swirl_Clocks/Swirl_Clocks/02_entropy.tex,section: Entropy as a Vorticity-Weighted Invariant,
VAM_2_Swirl_Clocks/Swirl_Clocks/02_entropy.tex,subsection: VAM Pressure Gradients and Entropy Flow,
VAM_2_Swirl_Clocks/Swirl_Clocks/02_entropy.tex,subsection: Thermal Expansion of Vortex Knots,
VAM_2_Swirl_Clocks/Swirl_Clocks/02_entropy.tex,subsection: Clausius Inequality and Helicity Dissipation,
VAM_2_Swirl_Clocks/Swirl_Clocks/02_entropy.tex,subsection: Carnot Efficiency in Swirl Fields,
VAM_2_Swirl_Clocks/Swirl_Clocks/03_Time_Modulation_by_Vortex_Knot_Rotation.tex,,
VAM_2_Swirl_Clocks/Swirl_Clocks/03_Time_Modulation_by_Vortex_Knot_Rotation.tex,section: Time Modulation by Rotation of Vortex Nodes,
VAM_2_Swirl_Clocks/Swirl_Clocks/03_Time_Modulation_by_Vortex_Knot_Rotation.tex,subsection: Heuristic and Energetic Derivation,
VAM_2_Swirl_Clocks/Swirl_Clocks/03_Time_Modulation_by_Vortex_Knot_Rotation.tex,subsection: Topological and Physical Justification,
VAM_2_Swirl_Clocks/Swirl_Clocks/04_Proper_Time_for_a_Rotating_Observer_in_Æther_Flow.tex,,
VAM_2_Swirl_Clocks/Swirl_Clocks/04_Proper_Time_for_a_Rotating_Observer_in_Æther_Flow.tex,section: Proper Time for a Rotating Observer in Æther Flow,
VAM_2_Swirl_Clocks/Swirl_Clocks/04_Proper_Time_for_a_Rotating_Observer_in_Æther_Flow.tex,subsection: GR Proper Time in Rotating Frames,
VAM_2_Swirl_Clocks/Swirl_Clocks/04_Proper_Time_for_a_Rotating_Observer_in_Æther_Flow.tex,subsection: Æther-Based Analogy: Velocity-Derived Time Modulation,
VAM_2_Swirl_Clocks/Swirl_Clocks/04_Proper_Time_for_a_Rotating_Observer_in_Æther_Flow.tex,subsection: Physical Interpretation and Temporal Consistency,
VAM_2_Swirl_Clocks/Swirl_Clocks/05_Kerr-Like_Time_Adjustment_from_Vorticity_and_Circulation.tex,,
VAM_2_Swirl_Clocks/Swirl_Clocks/05_Kerr-Like_Time_Adjustment_from_Vorticity_and_Circulation.tex,section: Kerr-like Time Adjustment Based on Vorticity and Circulation,
VAM_2_Swirl_Clocks/Swirl_Clocks/05_Kerr-Like_Time_Adjustment_from_Vorticity_and_Circulation.tex,subsection: General Relativistic Kerr Redshift Structure,
VAM_2_Swirl_Clocks/Swirl_Clocks/05_Kerr-Like_Time_Adjustment_from_Vorticity_and_Circulation.tex,subsection: VAM Analogy via Vorticity and Circulation,
VAM_2_Swirl_Clocks/Swirl_Clocks/05_Kerr-Like_Time_Adjustment_from_Vorticity_and_Circulation.tex,subsection: Hybrid Frame-Dragging Angular Velocity in VAM,
VAM_2_Swirl_Clocks/Swirl_Clocks/05_Kerr-Like_Time_Adjustment_from_Vorticity_and_Circulation.tex,subsection: Gravitational Redshift from Vortex Core Rotation,
VAM_2_Swirl_Clocks/Swirl_Clocks/05_Kerr-Like_Time_Adjustment_from_Vorticity_and_Circulation.tex,subsection: Time Dilation Models in VAM,
VAM_2_Swirl_Clocks/Swirl_Clocks/05_Kerr-Like_Time_Adjustment_from_Vorticity_and_Circulation.tex,subsection: Temporal Ontology Integration Summary,
VAM_2_Swirl_Clocks/Swirl_Clocks/05_Kerr-Like_Time_Adjustment_from_Vorticity_and_Circulation.tex,subsection: Model Scope and Outlook,
VAM_2_Swirl_Clocks/Swirl_Clocks/06_Unified_Framework_and_Synthesis_of_Time_Dilation_in_VAM.tex,,
VAM_2_Swirl_Clocks/Swirl_Clocks/06_Unified_Framework_and_Synthesis_of_Time_Dilation_in_VAM.tex,section: Unified Framework and Synthesis of Time Dilation in VAM,
VAM_2_Swirl_Clocks/Swirl_Clocks/06_Unified_Framework_and_Synthesis_of_Time_Dilation_in_VAM.tex,subsection: Hierarchical Structure of Time Dilation Mechanisms,
VAM_2_Swirl_Clocks/Swirl_Clocks/06_Unified_Framework_and_Synthesis_of_Time_Dilation_in_VAM.tex,subsection: Time as a Vorticity-Derived Observable,
VAM_2_Swirl_Clocks/Swirl_Clocks/06_Unified_Framework_and_Synthesis_of_Time_Dilation_in_VAM.tex,subsection: Experimental Implications and Prospects,
VAM_2_Swirl_Clocks/Swirl_Clocks/06_Unified_Framework_and_Synthesis_of_Time_Dilation_in_VAM.tex,subsection: Conceptual Challenges and Reception,
VAM_2_Swirl_Clocks/Swirl_Clocks/06_Unified_Framework_and_Synthesis_of_Time_Dilation_in_VAM.tex,subsection: Paths to Scientific Rigor and Acceptance,
VAM_2_Swirl_Clocks/Swirl_Clocks/06_Unified_Framework_and_Synthesis_of_Time_Dilation_in_VAM.tex,subsection: Concluding Perspective,
VAM_2_Swirl_Clocks/Swirl_Clocks/07_Applications_of_VAM_to_quantum_and_nuclear_processes.tex,,
VAM_2_Swirl_Clocks/Swirl_Clocks/07_Applications_of_VAM_to_quantum_and_nuclear_processes.tex,section: Applications of VAM to Quantum and Nuclear Processes,
VAM_2_Swirl_Clocks/Swirl_Clocks/07_Applications_of_VAM_to_quantum_and_nuclear_processes.tex,subsection: LENR via Resonance Tunneling and Temporal Modulation,
VAM_2_Swirl_Clocks/Swirl_Clocks/07_Applications_of_VAM_to_quantum_and_nuclear_processes.tex,subsection: Resonant Ætheric Tunneling and LENR in VAM,
VAM_2_Swirl_Clocks/Swirl_Clocks/07_Applications_of_VAM_to_quantum_and_nuclear_processes.tex,subsection: VAM Quantum Electrodynamics (QED) Lagrangian,
VAM_2_Swirl_Clocks/Swirl_Clocks/07_Applications_of_VAM_to_quantum_and_nuclear_processes.tex,section: Emergent Bohr Radius from Vortex Swirl Pressure,
VAM_2_Swirl_Clocks/Swirl_Clocks/07_Applications_of_VAM_to_quantum_and_nuclear_processes.tex,subsection: Standard Quantum Bohr Radius,
VAM_2_Swirl_Clocks/Swirl_Clocks/07_Applications_of_VAM_to_quantum_and_nuclear_processes.tex,subsection: Swirl Dynamics and Force Balance in VAM,
VAM_2_Swirl_Clocks/Swirl_Clocks/07_Applications_of_VAM_to_quantum_and_nuclear_processes.tex,subsection: Numerical Evaluation,
VAM_2_Swirl_Clocks/Swirl_Clocks/07_Applications_of_VAM_to_quantum_and_nuclear_processes.tex,subsection: Swirl Clock Quantization and Stable Orbits,
VAM_2_Swirl_Clocks/Swirl_Clocks/07_Applications_of_VAM_to_quantum_and_nuclear_processes.tex,subsection: Temporal Interpretation,
VAM_2_Swirl_Clocks/Swirl_Clocks/07_Applications_of_VAM_to_quantum_and_nuclear_processes.tex,subsection: Interpretation,
VAM_2_Swirl_Clocks/Swirl_Clocks/07_Applications_of_VAM_to_quantum_and_nuclear_processes.tex,subsection: Future Work,
VAM_2_Swirl_Clocks/Swirl_Clocks/08_VAM_Vortex_Scattering_Framework_Inspired_by_Elastic_Theory.tex,,
VAM_2_Swirl_Clocks/Swirl_Clocks/08_VAM_Vortex_Scattering_Framework_Inspired_by_Elastic_Theory.tex,section: VAM Vorticity Scattering Framework (inspired by elastic theory),
VAM_2_Swirl_Clocks/Swirl_Clocks/08_VAM_Vortex_Scattering_Framework_Inspired_by_Elastic_Theory.tex,subsection: Governing equations of VAM Vorticity dynamics,
VAM_2_Swirl_Clocks/Swirl_Clocks/08_VAM_Vortex_Scattering_Framework_Inspired_by_Elastic_Theory.tex,subsubsection: Vorticity transport equation (linearized form),
VAM_2_Swirl_Clocks/Swirl_Clocks/08_VAM_Vortex_Scattering_Framework_Inspired_by_Elastic_Theory.tex,subsubsection: Green Tensor Vorticity Equation,
VAM_2_Swirl_Clocks/Swirl_Clocks/08_VAM_Vortex_Scattering_Framework_Inspired_by_Elastic_Theory.tex,subsection: Vortex filament interaction,
VAM_2_Swirl_Clocks/Swirl_Clocks/08_VAM_Vortex_Scattering_Framework_Inspired_by_Elastic_Theory.tex,subsection: Thermodynamic \& quantum behavior of vorticity fluctuations,
VAM_2_Swirl_Clocks/Swirl_Clocks/08_VAM_Vortex_Scattering_Framework_Inspired_by_Elastic_Theory.tex,subsubsection: Quantum vorticity background,
VAM_2_Swirl_Clocks/Swirl_Clocks/08_VAM_Vortex_Scattering_Framework_Inspired_by_Elastic_Theory.tex,subsection: VAM scattering theory for vortex nodes,
VAM_2_Swirl_Clocks/Swirl_Clocks/08_VAM_Vortex_Scattering_Framework_Inspired_by_Elastic_Theory.tex,subsubsection: Born approximation for vortex perturbations,
VAM_2_Swirl_Clocks/Swirl_Clocks/08_VAM_Vortex_Scattering_Framework_Inspired_by_Elastic_Theory.tex,subsection: Æther stress tensor and energy flux,
VAM_2_Swirl_Clocks/Swirl_Clocks/08_VAM_Vortex_Scattering_Framework_Inspired_by_Elastic_Theory.tex,subsubsection: VAM stress tensor,
VAM_2_Swirl_Clocks/Swirl_Clocks/08_VAM_Vortex_Scattering_Framework_Inspired_by_Elastic_Theory.tex,subsubsection: Æther Vorticity Force Density,
VAM_2_Swirl_Clocks/Swirl_Clocks/08_VAM_Vortex_Scattering_Framework_Inspired_by_Elastic_Theory.tex,subsubsection: Vorticity Energy Flux,
VAM_2_Swirl_Clocks/Swirl_Clocks/08_VAM_Vortex_Scattering_Framework_Inspired_by_Elastic_Theory.tex,subsection: Time dilation and nodal scattering,
VAM_2_Swirl_Clocks/Swirl_Clocks/08_VAM_Vortex_Scattering_Framework_Inspired_by_Elastic_Theory.tex,subsubsection: Chronos-Time Delay due to Nodal Rotation,
VAM_2_Swirl_Clocks/Swirl_Clocks/08_VAM_Vortex_Scattering_Framework_Inspired_by_Elastic_Theory.tex,subsubsection: Scattered correction due to external field,
VAM_2_Swirl_Clocks/Swirl_Clocks/08_VAM_Vortex_Scattering_Framework_Inspired_by_Elastic_Theory.tex,subsubsection: Swirl Clock Phase Shift,
VAM_2_Swirl_Clocks/Swirl_Clocks/08_VAM_Vortex_Scattering_Framework_Inspired_by_Elastic_Theory.tex,subsection: Summary of VAM-inspired scattering structures,
VAM_2_Swirl_Clocks/Swirl_Clocks/08_VAM_Vortex_Scattering_Framework_Inspired_by_Elastic_Theory.tex,subsubsection: Temporal Ontology Integration in Scattering,
VAM_2_Swirl_Clocks/Swirl_Clocks/08_VAM_Vortex_Scattering_Framework_Inspired_by_Elastic_Theory.tex,subsubsection: External Observer Frame,
VAM_2_Swirl_Clocks/Swirl_Clocks/090_derevation_swirl.tex,,
VAM_2_Swirl_Clocks/Swirl_Clocks/090_derevation_swirl.tex,subsection: Derivation of the Relation Between the Speed of Light and the Swirl Using Classical Principles,
VAM_2_Swirl_Clocks/Swirl_Clocks/090_derevation_swirl.tex,subsection: Relevant Definitions and Formulas,
VAM_2_Swirl_Clocks/Swirl_Clocks/090_derevation_swirl.tex,subsubsection: Half the Classical Electron Radius,
VAM_2_Swirl_Clocks/Swirl_Clocks/090_derevation_swirl.tex,subsubsection: Definition of Tangential Velocity $C_e$,
VAM_2_Swirl_Clocks/Swirl_Clocks/090_derevation_swirl.tex,subsubsection: Physical Interpretation,
VAM_2_Swirl_Clocks/Swirl_Clocks/090_derevation_swirl.tex,subsubsection: Conclusion,
VAM_2_Swirl_Clocks/Swirl_Clocks/09_Experimental_Anchors.tex,,
VAM_2_Swirl_Clocks/Swirl_Clocks/09_Experimental_Anchors.tex,section: Refined Experimental Proposals Categorized by VAM Time Modes,
VAM_2_Swirl_Clocks/Swirl_Clocks/09_Experimental_Anchors.tex,subsection: \(\mathcal{N,
VAM_2_Swirl_Clocks/Swirl_Clocks/09_Experimental_Anchors.tex,subsection: \(\tau\) --- Chronos-Time (Local Proper Time),
VAM_2_Swirl_Clocks/Swirl_Clocks/09_Experimental_Anchors.tex,subsection: \(S(t)\) --- Swirl Clock (Internal Vortex Phase),
VAM_2_Swirl_Clocks/Swirl_Clocks/09_Experimental_Anchors.tex,subsection: \(\kappa\) --- Kairos Moment (Irreversible Bifurcation),
VAM_2_Swirl_Clocks/Swirl_Clocks/100_derevation_Gswirl.tex,,
VAM_2_Swirl_Clocks/Swirl_Clocks/100_derevation_Gswirl.tex,subsection: Derivation of the VAM Gravitational Constant \(  G_\text{swirl,
VAM_2_Swirl_Clocks/Swirl_Clocks/100_derevation_Gswirl.tex,subsubsection: Introduction,
VAM_2_Swirl_Clocks/Swirl_Clocks/100_derevation_Gswirl.tex,subsubsection: Vortex-Induced Energy Density,
VAM_2_Swirl_Clocks/Swirl_Clocks/100_derevation_Gswirl.tex,subsubsection: Gravitational Constant from Vorticity,
VAM_2_Swirl_Clocks/Swirl_Clocks/100_derevation_Gswirl.tex,subsubsection: Two Possible Forms of \(  G_\text{swirl,
VAM_2_Swirl_Clocks/Swirl_Clocks/100_derevation_Gswirl.tex,subsubsection: Form 1: Using Planck Length,
VAM_2_Swirl_Clocks/Swirl_Clocks/100_derevation_Gswirl.tex,subsubsection: Form 2: Using Planck Time,
VAM_2_Swirl_Clocks/Swirl_Clocks/100_derevation_Gswirl.tex,subsubsection: Physical Interpretation of \(  G_\text{swirl,
VAM_2_Swirl_Clocks/Swirl_Clocks/100_derevation_Gswirl.tex,subsubsection: Conclusion,
VAM_2_Swirl_Clocks/Swirl_Clocks/10_VAMvsGR.tex,,
VAM_2_Swirl_Clocks/Swirl_Clocks/10_VAMvsGR.tex,section: VAM versus GR: Corresponding Predictions,
VAM_2_Swirl_Clocks/Swirl_Clocks/10_VAMvsGR.tex,subsection: 1. VAM Orbital Precession (GR Equivalent),
VAM_2_Swirl_Clocks/Swirl_Clocks/10_VAMvsGR.tex,subsection: 2. Light Deflection via Ætheric Circulation,
VAM_2_Swirl_Clocks/Swirl_Clocks/10_VAMvsGR.tex,subsection: 3. Tabulated Correspondence with Temporal Modes,
VAM_2_Swirl_Clocks/Swirl_Clocks/10_VAMvsGR.tex,subsection: Interpretation via Temporal Ontology,
VAM_2_Swirl_Clocks/Swirl_Clocks/110_VAM_reformulation_GR.tex,,
VAM_2_Swirl_Clocks/Swirl_Clocks/110_VAM_reformulation_GR.tex,subsection: Vorticity-Based Reformulation of General Relativity Laws in a 3D Absolute Time Framework,
VAM_2_Swirl_Clocks/Swirl_Clocks/110_VAM_reformulation_GR.tex,subsubsection: Vorticity as the Fundamental Gravitational Interaction,
VAM_2_Swirl_Clocks/Swirl_Clocks/110_VAM_reformulation_GR.tex,subsubsection: Replacing Einstein's Equations with a 3D Vorticity Field Equation,
VAM_2_Swirl_Clocks/Swirl_Clocks/110_VAM_reformulation_GR.tex,subsubsection: Motion in VAM: Replacing Geodesics with Vortex Streamlines,
VAM_2_Swirl_Clocks/Swirl_Clocks/110_VAM_reformulation_GR.tex,subsubsection: Frame-Dragging as a 3D Vortex Effect,
VAM_2_Swirl_Clocks/Swirl_Clocks/110_VAM_reformulation_GR.tex,subsubsection: Replacing Gravitational Time Dilation with Vorticity Effects,
VAM_2_Swirl_Clocks/Swirl_Clocks/110_VAM_reformulation_GR.tex,subsubsection: Summary: A 3D Vorticity-Based Alternative to General Relativity,
VAM_2_Swirl_Clocks/Swirl_Clocks/appendix_02_Derivation_GravitationalField.tex,,
VAM_2_Swirl_Clocks/Swirl_Clocks/appendix_02_Derivation_GravitationalField.tex,section: Derivation of the vorticity-based gravitational field,
VAM_2_Swirl_Clocks/Swirl_Clocks/appendix_03_Newtonian_Limits.tex,,
VAM_2_Swirl_Clocks/Swirl_Clocks/appendix_03_Newtonian_Limits.tex,section: Newtonian limit and time dilation validation,
VAM_2_Swirl_Clocks/Swirl_Clocks/appendix_03_Newtonian_Limits.tex,subsection: Large distance vorticity potential,
VAM_2_Swirl_Clocks/Swirl_Clocks/appendix_03_Newtonian_Limits.tex,subsection: Time dilation in the weak field limit,
VAM_2_Swirl_Clocks/Swirl_Clocks/appendix_03_Newtonian_Limits.tex,subsection: Example: Earth as a vortex mass,
VAM_2_Swirl_Clocks/Swirl_Clocks/appendix_03_Newtonian_Limits.tex,section: Validation with the Hafele–Keating clock experiment,
VAM_2_Swirl_Clocks/Swirl_Clocks/appendix_03_Newtonian_Limits.tex,subsection: Experiment summary,
VAM_2_Swirl_Clocks/Swirl_Clocks/appendix_03_Newtonian_Limits.tex,subsection: Interpretation within the Vortex Æther Model,
VAM_2_Swirl_Clocks/Swirl_Clocks/appendix_03_Newtonian_Limits.tex,subsection: Numerical agreement,
VAM_2_Swirl_Clocks/Swirl_Clocks/appendix_04_DynamicsVortexCirculationQuantization.tex,,
VAM_2_Swirl_Clocks/Swirl_Clocks/appendix_04_DynamicsVortexCirculationQuantization.tex,section: Dynamics of vortex circulation and quantization,
VAM_2_Swirl_Clocks/Swirl_Clocks/appendix_04_DynamicsVortexCirculationQuantization.tex,subsection: Kelvin's circulation theorem,
VAM_2_Swirl_Clocks/Swirl_Clocks/appendix_04_DynamicsVortexCirculationQuantization.tex,subsection: Circulation around the vortex core,
VAM_2_Swirl_Clocks/Swirl_Clocks/appendix_04_DynamicsVortexCirculationQuantization.tex,subsection: Quantization of circulation,
VAM_2_Swirl_Clocks/Swirl_Clocks/appendix_04_DynamicsVortexCirculationQuantization.tex,subsection: Physical interpretation,
VAM_2_Swirl_Clocks/Swirl_Clocks/appendix_05_TimeDilationVortexEnergyPressureGradients.tex,,
VAM_2_Swirl_Clocks/Swirl_Clocks/appendix_05_TimeDilationVortexEnergyPressureGradients.tex,section: Time dilation from vortex energy and pressure gradients,
VAM_2_Swirl_Clocks/Swirl_Clocks/appendix_05_TimeDilationVortexEnergyPressureGradients.tex,subsection: Formula: clock delay due to rotational energy,
VAM_2_Swirl_Clocks/Swirl_Clocks/appendix_05_TimeDilationVortexEnergyPressureGradients.tex,subsection: Alternative derivation via pressure difference (Bernoulli approximation),
VAM_2_Swirl_Clocks/Swirl_Clocks/appendix_05_TimeDilationVortexEnergyPressureGradients.tex,subsection: Physical interpretation,
VAM_2_Swirl_Clocks/Swirl_Clocks/appendix_06_ParameterTuningLimitBehavior.tex,,
VAM_2_Swirl_Clocks/Swirl_Clocks/appendix_06_ParameterTuningLimitBehavior.tex,section: Parameter tuning and limit behavior,
VAM_2_Swirl_Clocks/Swirl_Clocks/appendix_06_ParameterTuningLimitBehavior.tex,subsection: Derivation of $G_\text{swirl,
VAM_2_Swirl_Clocks/Swirl_Clocks/appendix_06_ParameterTuningLimitBehavior.tex,subsection: Limit $r \to \infty$: classical gravity,
VAM_2_Swirl_Clocks/Swirl_Clocks/appendix_06_ParameterTuningLimitBehavior.tex,subsection: Relationship between $M_\text{eff,
VAM_2_Swirl_Clocks/Swirl_Clocks/appendix_06_ParameterTuningLimitBehavior.tex,subsection: Conclusion,
VAM_2_Swirl_Clocks/Swirl_Clocks/appendix_07_Foundations_Velocity_Fields_and_Energies.tex,,
VAM_2_Swirl_Clocks/Swirl_Clocks/appendix_07_Foundations_Velocity_Fields_and_Energies.tex,section: Fundamentals of velocity fields and energies in a vortex system.,
VAM_2_Swirl_Clocks/Swirl_Clocks/appendix_07_Foundations_Velocity_Fields_and_Energies.tex,subsection: Introduction,
VAM_2_Swirl_Clocks/Swirl_Clocks/appendix_07_Foundations_Velocity_Fields_and_Energies.tex,subsection: Foundations: Velocity Fields and Total (Self- + Transverse) Energy,
VAM_2_Swirl_Clocks/Swirl_Clocks/appendix_07_Foundations_Velocity_Fields_and_Energies.tex,subsection: Considerations on momentum and self-energy,
VAM_2_Swirl_Clocks/Swirl_Clocks/appendix_07_Foundations_Velocity_Fields_and_Energies.tex,subsection: Defining and tracking cross energy,
VAM_2_Swirl_Clocks/Swirl_Clocks/appendix_07_Foundations_Velocity_Fields_and_Energies.tex,subsection: Applications to helicity and topological flows,
VAM_2_Swirl_Clocks/Swirl_Clocks/appendix_07_Foundations_Velocity_Fields_and_Energies.tex,subsection: Derivation scheme for cross-energy,
VAM_2_Swirl_Clocks/Swirl_Clocks/appendix_07_Foundations_Velocity_Fields_and_Energies.tex,subsection: Conclusion,
VAM_2_Swirl_Clocks/Swirl_Clocks/appendix_08_Integration_of_Clausius_Heat_Theory.tex,,
VAM_2_Swirl_Clocks/Swirl_Clocks/appendix_08_Integration_of_Clausius_Heat_Theory.tex,section: Integration of Clausius' heat theory into VAM,
VAM_2_Swirl_Clocks/Swirl_Clocks/appendix_08_Integration_of_Clausius_Heat_Theory.tex,subsection: Thermodynamic Basics in VAM,
VAM_2_Swirl_Clocks/Swirl_Clocks/appendix_08_Integration_of_Clausius_Heat_Theory.tex,subsection: Entropy and structured vorticity,
VAM_2_Swirl_Clocks/Swirl_Clocks/appendix_08_Integration_of_Clausius_Heat_Theory.tex,subsection: Thermal response of vortex nodes,
VAM_2_Swirl_Clocks/Swirl_Clocks/appendix_08_Integration_of_Clausius_Heat_Theory.tex,subsection: Photoelectric analogy in VAM,
VAM_2_Swirl_Clocks/Swirl_Clocks/appendix_08_Integration_of_Clausius_Heat_Theory.tex,subsection: Conclusion and integration,
VAM_2_Swirl_Clocks/Swirl_Clocks/appendix_09_TopologicalCharge.tex,,
VAM_2_Swirl_Clocks/Swirl_Clocks/appendix_09_TopologicalCharge.tex,section: Topological Charge in the Vortex Æther Model,
VAM_2_Swirl_Clocks/Swirl_Clocks/appendix_09_TopologicalCharge.tex,subsection: Motivation from Hopfions and Magnetic Skyrmions,
VAM_2_Swirl_Clocks/Swirl_Clocks/appendix_09_TopologicalCharge.tex,subsection: Definition of the VAM Topological Charge,
VAM_2_Swirl_Clocks/Swirl_Clocks/appendix_09_TopologicalCharge.tex,subsection: Topological Energy Term in the VAM Lagrangian,
VAM_2_Swirl_Clocks/Swirl_Clocks/appendix_09_TopologicalCharge.tex,subsection: Comparison with the Micromagnetic Energy Functional,
VAM_2_Swirl_Clocks/Swirl_Clocks/appendix_09_TopologicalCharge.tex,subsection: Quantization and Topological Stability,
VAM_2_Swirl_Clocks/Swirl_Clocks/appendix_09_TopologicalCharge.tex,subsection: Relation to Vortex Clocks and Local Time Dilation,
VAM_2_Swirl_Clocks/Swirl_Clocks/appendix_09_TopologicalCharge.tex,subsection: Outlook,
VAM_2_Swirl_Clocks/Swirl_Clocks/appendix_10_SplitHelicity.tex,,
VAM_2_Swirl_Clocks/Swirl_Clocks/appendix_10_SplitHelicity.tex,section: Split Helicity in the Vortex Æther Model,
VAM_2_Swirl_Clocks/Swirl_Clocks/appendix_10_SplitHelicity.tex,subsection: Motivation and Context,
VAM_2_Swirl_Clocks/Swirl_Clocks/appendix_10_SplitHelicity.tex,subsection: Formulation of the Helicity Components,
VAM_2_Swirl_Clocks/Swirl_Clocks/appendix_10_SplitHelicity.tex,subsection: Application in VAM time dilation,
VAM_2_Swirl_Clocks/Swirl_Clocks/appendix_11_VAM_Lagrangian.tex,,
VAM_2_Swirl_Clocks/Swirl_Clocks/appendix_11_VAM_Lagrangian.tex,section: VAM Lagrangian Based on Incompressible Schrödinger Flow,
VAM_2_Swirl_Clocks/Swirl_Clocks/appendix_11_VAM_Lagrangian.tex,subsection: Complex Vortex Waves in Æther,
VAM_2_Swirl_Clocks/Swirl_Clocks/appendix_11_VAM_Lagrangian.tex,subsection: Lagrangian with Landau–Lifshitz-like term,
VAM_2_Swirl_Clocks/Swirl_Clocks/appendix_11_VAM_Lagrangian.tex,subsection: Derivation of the VAM field equation,
VAM_2_Swirl_Clocks/Swirl_Clocks/appendix_11_VAM_Lagrangian.tex,subsection: Physical Interpretation,
VAM_2_Swirl_Clocks/Swirl_Clocks/appendix_12_DerivationFineStructureConstant.tex,,
VAM_2_Swirl_Clocks/Swirl_Clocks/appendix_12_DerivationFineStructureConstant.tex,section: Derivation of the Fine-Structure Constant from Vortex Mechanics,
VAM_2_Swirl_Clocks/Swirl_Clocks/appendix_12_DerivationFineStructureConstant.tex,subsection: Quantization of Circulation,
VAM_2_Swirl_Clocks/Swirl_Clocks/appendix_12_DerivationFineStructureConstant.tex,subsection: Relating Vortex Radius to Classical Electron Radius,
VAM_2_Swirl_Clocks/Swirl_Clocks/appendix_12_DerivationFineStructureConstant.tex,subsection: Recovering the Fine-Structure Constant,
VAM_2_Swirl_Clocks/Swirl_Clocks/appendix_12_DerivationFineStructureConstant.tex,subsection: Conclusion,
VAM_2_Swirl_Clocks/Swirl_Clocks/appendix_A_Derivation_TimeDilation.tex,,
VAM_2_Swirl_Clocks/Swirl_Clocks/appendix_A_Derivation_TimeDilation.tex,section: Derivation of the Time Dilation Formula within VAM,
VAM_2_Swirl_Clocks/Swirl_Clocks/appendix_A_Derivation_TimeDilation.tex,section: Introduction,
VAM_2_Swirl_Clocks/Swirl_Clocks/appendix_A_Derivation_TimeDilation.tex,subsection: Unified Time Dilation in VAM,
VAM_2_Swirl_Clocks/Swirl_Clocks/appendix_A_Derivation_TimeDilation.tex,subsection: Decomposition in Standard Coordinate Time,
VAM_2_Swirl_Clocks/Swirl_Clocks/appendix_A_Derivation_TimeDilation.tex,subsection: Expanded Derivation: Rotational Energy as Time Delay Source,
VAM_2_Swirl_Clocks/Swirl_Clocks/appendix_A_Derivation_TimeDilation.tex,subsubsection: Energetic Derivation,
VAM_2_Swirl_Clocks/Swirl_Clocks/appendix_A_Derivation_TimeDilation.tex,subsubsection: Hydrodynamic Derivation: Bernoulli Pressure Deficit,
VAM_2_Swirl_Clocks/Swirl_Clocks/appendix_A_Derivation_TimeDilation.tex,subsubsection: Interpretation Across Domains,
VAM_2_Swirl_Clocks/Swirl_Clocks/appendix_A_Derivation_TimeDilation.tex,subsection: Hybridization of Gravitational Coupling,
VAM_2_Swirl_Clocks/Swirl_Clocks/appendix_A_Derivation_TimeDilation.tex,subsection: Effective VAM Mass,
VAM_2_Swirl_Clocks/Swirl_Clocks/appendix_A_Derivation_TimeDilation.tex,section: Conclusion,
VAM_2_Swirl_Clocks/Swirl_Clocks/appendix_A_Derivation_TimeDilation.tex,subsection: Constants and Variables,
VAM_2_Swirl_Clocks/Swirl_Clocks/appendix_B_Derivation_Of_Gswirl.tex,,
VAM_2_Swirl_Clocks/Swirl_Clocks/appendix_B_Derivation_Of_Gswirl.tex,section: \appendixtitle,
VAM_2_Swirl_Clocks/Swirl_Clocks/appendix_B_Derivation_Of_Gswirl.tex,section: \textbf{Appendix: Derivation of Fundamental Constants from Vortex Dynamics,
VAM_2_Swirl_Clocks/Swirl_Clocks/appendix_B_Derivation_Of_Gswirl.tex,section: Introduction,
VAM_2_Swirl_Clocks/Swirl_Clocks/appendix_B_Derivation_Of_Gswirl.tex,subsection: Relevant Definitions and Formulas,
VAM_2_Swirl_Clocks/Swirl_Clocks/appendix_B_Derivation_Of_Gswirl.tex,subsection: Half the Classical Electron Radius,
VAM_2_Swirl_Clocks/Swirl_Clocks/appendix_B_Derivation_Of_Gswirl.tex,subsection: Definition of Tangential Velocity $C_e$,
VAM_2_Swirl_Clocks/Swirl_Clocks/appendix_B_Derivation_Of_Gswirl.tex,subsection: Physical Interpretation,
VAM_2_Swirl_Clocks/Swirl_Clocks/appendix_B_Derivation_Of_Gswirl.tex,subsection: Conclusion,
VAM_2_Swirl_Clocks/Swirl_Clocks/appendix_B_Derivation_Of_Gswirl.tex,section: Derivation of the VAM Gravitational Constant \(  G_\text{swirl,
VAM_2_Swirl_Clocks/Swirl_Clocks/appendix_B_Derivation_Of_Gswirl.tex,subsection: Introduction,
VAM_2_Swirl_Clocks/Swirl_Clocks/appendix_B_Derivation_Of_Gswirl.tex,subsection: Vortex-Induced Energy Density,
VAM_2_Swirl_Clocks/Swirl_Clocks/appendix_B_Derivation_Of_Gswirl.tex,subsection: Gravitational Constant from Vorticity,
VAM_2_Swirl_Clocks/Swirl_Clocks/appendix_B_Derivation_Of_Gswirl.tex,subsection: Two Possible Forms of \(  G_\text{swirl,
VAM_2_Swirl_Clocks/Swirl_Clocks/appendix_B_Derivation_Of_Gswirl.tex,subsection: Form 1: Using Planck Length,
VAM_2_Swirl_Clocks/Swirl_Clocks/appendix_B_Derivation_Of_Gswirl.tex,subsection: Form 2: Using Planck Time,
VAM_2_Swirl_Clocks/Swirl_Clocks/appendix_B_Derivation_Of_Gswirl.tex,subsection: Physical Interpretation of \(  G_\text{swirl,
VAM_2_Swirl_Clocks/Swirl_Clocks/appendix_B_Derivation_Of_Gswirl.tex,subsection: Conclusion,
VAM_2_Swirl_Clocks/Swirl_Clocks/appendix_B_Derivation_Of_Gswirl.tex,subsection: Vorticity-Based Reformulation of General Relativity Laws in a 3D Absolute Time Framework,
VAM_2_Swirl_Clocks/Swirl_Clocks/appendix_B_Derivation_Of_Gswirl.tex,subsection: Vorticity as the Fundamental Gravitational Interaction,
VAM_2_Swirl_Clocks/Swirl_Clocks/appendix_B_Derivation_Of_Gswirl.tex,subsection: Replacing Einstein's Equations with a 3D Vorticity Field Equation,
VAM_2_Swirl_Clocks/Swirl_Clocks/appendix_B_Derivation_Of_Gswirl.tex,subsection: Motion in VAM: Replacing Geodesics with Vortex Streamlines,
VAM_2_Swirl_Clocks/Swirl_Clocks/appendix_B_Derivation_Of_Gswirl.tex,subsection: Frame-Dragging as a 3D Vortex Effect,
VAM_2_Swirl_Clocks/Swirl_Clocks/appendix_B_Derivation_Of_Gswirl.tex,subsection: Replacing Gravitational Time Dilation with Vorticity Effects,
VAM_2_Swirl_Clocks/Swirl_Clocks/appendix_B_Derivation_Of_Gswirl.tex,section: VAM Derivation of Flat Galactic Rotation Velocity,
VAM_2_Swirl_Clocks/Swirl_Clocks/appendix_B_Derivation_Of_Gswirl.tex,section: Conclusion,
VAM_2_Swirl_Clocks/Swirl_Clocks/appendix_B_Derivation_Of_Gswirl.tex,subsection: Summary: A 3D Vorticity-Based Alternative to General Relativity,
VAM_2_Swirl_Clocks/Swirl_Clocks/appendix_C_ExperimentalValidationOfVortexCoreTangientalVelocity.tex,,
VAM_2_Swirl_Clocks/Swirl_Clocks/appendix_C_ExperimentalValidationOfVortexCoreTangientalVelocity.tex,section: \appendixtitle,
VAM_2_Swirl_Clocks/Swirl_Clocks/appendix_C_ExperimentalValidationOfVortexCoreTangientalVelocity.tex,section: \textbf{Testing Universality of the Proposed Tangential Vortex-Core Velocity,
VAM_2_Swirl_Clocks/Swirl_Clocks/appendix_C_ExperimentalValidationOfVortexCoreTangientalVelocity.tex,section: Specific Aims,
VAM_2_Swirl_Clocks/Swirl_Clocks/appendix_C_ExperimentalValidationOfVortexCoreTangientalVelocity.tex,section: Hypothesis and Falsifiability,
VAM_2_Swirl_Clocks/Swirl_Clocks/appendix_C_ExperimentalValidationOfVortexCoreTangientalVelocity.tex,section: Experimental Design,
VAM_2_Swirl_Clocks/Swirl_Clocks/appendix_C_ExperimentalValidationOfVortexCoreTangientalVelocity.tex,subsection: Test Matrix,
VAM_2_Swirl_Clocks/Swirl_Clocks/appendix_C_ExperimentalValidationOfVortexCoreTangientalVelocity.tex,subsection: Instrumentation,
VAM_2_Swirl_Clocks/Swirl_Clocks/appendix_C_ExperimentalValidationOfVortexCoreTangientalVelocity.tex,section: Data Analysis,
VAM_2_Swirl_Clocks/Swirl_Clocks/appendix_C_ExperimentalValidationOfVortexCoreTangientalVelocity.tex,section: Expected Deliverables,
VAM_2_Swirl_Clocks/Swirl_Clocks/appendix_C_ExperimentalValidationOfVortexCoreTangientalVelocity.tex,section: Timeline,
VAM_2_Swirl_Clocks/Swirl_Clocks/appendix_C_ExperimentalValidationOfVortexCoreTangientalVelocity.tex,section: Budget Estimate for Tangential Velocity Universality Experiment,
VAM_2_Swirl_Clocks/Swirl_Clocks/appendix_C_ExperimentalValidationOfVortexCoreTangientalVelocity.tex,subsection: Motivation,
VAM_2_Swirl_Clocks/Swirl_Clocks/appendix_C_ExperimentalValidationOfVortexCoreTangientalVelocity.tex,subsection: Structure of the Appendix,
VAM_2_Swirl_Clocks/Swirl_Clocks/appendix_C_ExperimentalValidationOfVortexCoreTangientalVelocity.tex,subsection: Summary Table of Confirming Experiments,
VAM_2_Swirl_Clocks/Swirl_Clocks/appendix_C_ExperimentalValidationOfVortexCoreTangientalVelocity.tex,subsection: How to Reproduce the Experiment,
VAM_2_Swirl_Clocks/Swirl_Clocks/appendix_C_ExperimentalValidationOfVortexCoreTangientalVelocity.tex,subsection: Conclusion,
VAM_2_Swirl_Clocks/Swirl_Clocks/appendix_D_ExperimentalValidationOfGravitationalPotential.tex,,
VAM_2_Swirl_Clocks/Swirl_Clocks/appendix_D_ExperimentalValidationOfGravitationalPotential.tex,section: \appendixtitle,
VAM_2_Swirl_Clocks/Swirl_Clocks/appendix_D_ExperimentalValidationOfGravitationalPotential.tex,section: \textbf{Experimental Proposal: Gravitational Modulation via Resonant Vortex Structures in Æther,
VAM_2_Swirl_Clocks/Swirl_Clocks/appendix_D_ExperimentalValidationOfGravitationalPotential.tex,section: Abstract,
VAM_2_Swirl_Clocks/Swirl_Clocks/appendix_D_ExperimentalValidationOfGravitationalPotential.tex,section: Physical Motivation,
VAM_2_Swirl_Clocks/Swirl_Clocks/appendix_D_ExperimentalValidationOfGravitationalPotential.tex,section: Experimental Design,
VAM_2_Swirl_Clocks/Swirl_Clocks/appendix_D_ExperimentalValidationOfGravitationalPotential.tex,subsection: Apparatus,
VAM_2_Swirl_Clocks/Swirl_Clocks/appendix_D_ExperimentalValidationOfGravitationalPotential.tex,subsection: Procedure,
VAM_2_Swirl_Clocks/Swirl_Clocks/appendix_D_ExperimentalValidationOfGravitationalPotential.tex,section: Theoretical Prediction,
VAM_2_Swirl_Clocks/Swirl_Clocks/appendix_D_ExperimentalValidationOfGravitationalPotential.tex,section: Expected Outcomes and Interpretation,
VAM_2_Swirl_Clocks/Swirl_Clocks/appendix_D_ExperimentalValidationOfGravitationalPotential.tex,section: Rotating Superfluid Analogy and Modulation Rationale,
VAM_2_Swirl_Clocks/Swirl_Clocks/appendix_D_ExperimentalValidationOfGravitationalPotential.tex,section: Error Analysis and Predictive Modeling,
VAM_2_Swirl_Clocks/Swirl_Clocks/appendix_D_ExperimentalValidationOfGravitationalPotential.tex,subsection: Predicted Acceleration and Uncertainty,
VAM_2_Swirl_Clocks/Swirl_Clocks/appendix_D_ExperimentalValidationOfGravitationalPotential.tex,subsection: Simulation Plots of Potential and Acceleration,
VAM_2_Swirl_Clocks/Swirl_Clocks/appendix_D_ExperimentalValidationOfGravitationalPotential.tex,subsection: Sensor Sensitivity Comparison,
VAM_2_Swirl_Clocks/Swirl_Clocks/appendix_E_TemporalOntology.tex,,
VAM_2_Swirl_Clocks/Swirl_Clocks/appendix_E_TemporalOntology.tex,section: Temporal Constructs in the Vortex Æther Model (VAM),
VAM_2_Swirl_Clocks/Swirl_Clocks/appendix_E_TemporalOntology.tex,subsection: Hierarchical Temporal Ontology,
VAM_2_Swirl_Clocks/Swirl_Clocks/appendix_E_TemporalOntology.tex,subsection: Mathematical Definitions,
VAM_2_Swirl_Clocks/Swirl_Clocks/appendix_E_TemporalOntology.tex,subsection: Interpretation of Temporal Constructs,
VAM_2_Swirl_Clocks/Swirl_Clocks/appendix_E_TemporalOntology.tex,subsection: Practical and Experimental Relevance,
VAM_2_Swirl_Clocks/Swirl_Clocks/appendix_E_TemporalOntology.tex,section: Temporal-Topological Dynamics in the Vortex Æther Model,
VAM_2_Swirl_Clocks/Swirl_Clocks/appendix_E_TemporalOntology.tex,subsection: Equation (1): Ætheric Energy Conservation with Kairos Trigger,
VAM_2_Swirl_Clocks/Swirl_Clocks/appendix_E_TemporalOntology.tex,subsection: Equation (2): Swirl Clock Phase Evolution,
VAM_2_Swirl_Clocks/Swirl_Clocks/appendix_E_TemporalOntology.tex,subsection: Equation (3): Æther-Modulated Field Tensor,
VAM_2_Swirl_Clocks/Swirl_Clocks/appendix_E_TemporalOntology.tex,subsection: Unified Interpretation,
VAM_2_Swirl_Clocks/Swirl_Clocks/appendix_E_TemporalOntology.tex,subsection: Concrete Examples,
VAM_2_Swirl_Clocks/Swirl_Clocks/appendix_E_TemporalOntology.tex,subsubsection: Example 1: Trefoil Vortex and Energy Dissipation,
VAM_2_Swirl_Clocks/Swirl_Clocks/appendix_E_TemporalOntology.tex,subsubsection: Example 2: Swirl Clock Interference,
VAM_2_Swirl_Clocks/Swirl_Clocks/appendix_E_TemporalOntology.tex,subsubsection: Example 3: Swirl-Modified Gauge Field,
VAM_2_Swirl_Clocks/Swirl_Clocks/appendix_E_TemporalOntology.tex,section: Visualizing Temporal Dynamics in VAM,
VAM_2_Swirl_Clocks/Swirl_Clocks/appendix_E_TemporalOntology.tex,subsection: 1. Swirl Clock Interference Pattern,
VAM_2_Swirl_Clocks/Swirl_Clocks/appendix_E_TemporalOntology.tex,subsection: 2. Energy Growth from Kairos Moment,
VAM_2_Swirl_Clocks/Swirl_Clocks/appendix_E_TemporalOntology.tex,subsection: 3. Swirl-Modulated Field Tensor,
VAM_2_Swirl_Clocks/Swirl_Clocks/appendix_F_LorentzInvariance.tex,,
VAM_2_Swirl_Clocks/Swirl_Clocks/appendix_F_LorentzInvariance.tex,section: \appendixtitle,
VAM_2_Swirl_Clocks/Swirl_Clocks/appendix_F_LorentzInvariance.tex,section: Lorentz Recovery Theorem in the Vortex Æther Model,
VAM_2_Swirl_Clocks/Swirl_Clocks/appendix_F_LorentzInvariance.tex,subsection: Core Postulates of the Vortex Æther Model (VAM),
VAM_2_Swirl_Clocks/Swirl_Clocks/appendix_F_LorentzInvariance.tex,subsection: Key Definitions,
VAM_2_Swirl_Clocks/Swirl_Clocks/appendix_F_LorentzInvariance.tex,subsection: Lemmas,
VAM_2_Swirl_Clocks/Swirl_Clocks/appendix_F_LorentzInvariance.tex,subsection: Theorem (Lorentz Recovery Theorem),
VAM_2_Swirl_Clocks/Swirl_Clocks/appendix_F_LorentzInvariance.tex,subsection: Physical Interpretation,
VAM_2_Swirl_Clocks/Swirl_Clocks/appendix_F_LorentzInvariance.tex,subsection: Conclusion and Discussion,
VAM_2_Swirl_Clocks/WervelKlokken/00_Introductie.tex,,
VAM_2_Swirl_Clocks/WervelKlokken/00_Introductie.tex,section: De Æther herzien: van historisch medium naar vorticiteitsveld,
VAM_2_Swirl_Clocks/WervelKlokken/00_Introductie.tex,subsection: Postulaten van het Vortex Æther Model,
VAM_2_Swirl_Clocks/WervelKlokken/00_Introductie.tex,subsection: Fundamentele VAM-constanten,
VAM_2_Swirl_Clocks/WervelKlokken/00_Introductie.tex,subsection: Planck-schaal en topologische massa,
VAM_2_Swirl_Clocks/WervelKlokken/00_Introductie.tex,subsection: Emergente kwantumconstanten en Schrödingervergelijking,
VAM_2_Swirl_Clocks/WervelKlokken/00_Introductie.tex,subsection: LENR en wervel-kwantumeffecten,
VAM_2_Swirl_Clocks/WervelKlokken/00_Introductie.tex,subsection: Samenvatting van GR en VAM observabelen,
VAM_2_Swirl_Clocks/WervelKlokken/01_tijdsdilatatie_van_vortex_dynamiek.tex,,
VAM_2_Swirl_Clocks/WervelKlokken/01_tijdsdilatatie_van_vortex_dynamiek.tex,section: Schaalafhankelijke æther dichtheid in het Vortex Æther Model (VAM),
VAM_2_Swirl_Clocks/WervelKlokken/01_tijdsdilatatie_van_vortex_dynamiek.tex,subsection: 1. Kernregime,
VAM_2_Swirl_Clocks/WervelKlokken/01_tijdsdilatatie_van_vortex_dynamiek.tex,subsection: 2. Overgangsregime,
VAM_2_Swirl_Clocks/WervelKlokken/01_tijdsdilatatie_van_vortex_dynamiek.tex,subsection: 3. Macroscopisch Regime,
VAM_2_Swirl_Clocks/WervelKlokken/01_tijdsdilatatie_van_vortex_dynamiek.tex,section: Tijddilatatie vanuit wervel dynamiek,
VAM_2_Swirl_Clocks/WervelKlokken/01_tijdsdilatatie_van_vortex_dynamiek.tex,subsection: Afleiding vanuit wervel hydrodynamica,
VAM_2_Swirl_Clocks/WervelKlokken/01_tijdsdilatatie_van_vortex_dynamiek.tex,subsection: Vergelijking met algemene relativiteit,
VAM_2_Swirl_Clocks/WervelKlokken/01_tijdsdilatatie_van_vortex_dynamiek.tex,subsection: Praktische implicaties en experimentele toetsbaarheid,
VAM_2_Swirl_Clocks/WervelKlokken/02_entropie.tex,,
VAM_2_Swirl_Clocks/WervelKlokken/02_entropie.tex,section: Entropie en quantum-effecten in het Vortex Æther Model,
VAM_2_Swirl_Clocks/WervelKlokken/02_entropie.tex,subsection: Entropie als vorticiteit-verdeling,
VAM_2_Swirl_Clocks/WervelKlokken/02_entropie.tex,subsection: Quantumgedrag uit geknoopte wervelstructuren,
VAM_2_Swirl_Clocks/WervelKlokken/02_entropie.tex,subsection: VAM-interpretatie van kwantisatie en dualiteit,
VAM_2_Swirl_Clocks/WervelKlokken/02_entropie.tex,subsection: Samenvattend,
VAM_2_Swirl_Clocks/WervelKlokken/02_tijdsmodulatie_door_vortex_knoop_rotatie.tex,,
VAM_2_Swirl_Clocks/WervelKlokken/02_tijdsmodulatie_door_vortex_knoop_rotatie.tex,section: Tijdsmodulatie door rotatie van wervelknopen,
VAM_2_Swirl_Clocks/WervelKlokken/02_tijdsmodulatie_door_vortex_knoop_rotatie.tex,subsection: Heuristische en energetische afleiding,
VAM_2_Swirl_Clocks/WervelKlokken/02_tijdsmodulatie_door_vortex_knoop_rotatie.tex,subsection: Topologische en fysische rechtvaardiging,
VAM_2_Swirl_Clocks/WervelKlokken/03_eigen_tijd_voor_een_roterende_waarnemer_in_ether_stroom.tex,,
VAM_2_Swirl_Clocks/WervelKlokken/03_eigen_tijd_voor_een_roterende_waarnemer_in_ether_stroom.tex,section: Eigen tijd voor een roterende waarnemer in ætherstroming,
VAM_2_Swirl_Clocks/WervelKlokken/03_eigen_tijd_voor_een_roterende_waarnemer_in_ether_stroom.tex,subsection: GR-propertijd in roterende frames,
VAM_2_Swirl_Clocks/WervelKlokken/03_eigen_tijd_voor_een_roterende_waarnemer_in_ether_stroom.tex,subsection: Æther-gebaseerde analogie: Snelheidsafgeleide tijdmodulatie,
VAM_2_Swirl_Clocks/WervelKlokken/03_eigen_tijd_voor_een_roterende_waarnemer_in_ether_stroom.tex,subsection: Fysische interpretatie en modelconsistentie,
VAM_2_Swirl_Clocks/WervelKlokken/04_kerr-achtige_tijdsaanpassing_van_vorticiteit_en_circulatie.tex,,
VAM_2_Swirl_Clocks/WervelKlokken/04_kerr-achtige_tijdsaanpassing_van_vorticiteit_en_circulatie.tex,section: Kerr-achtige tijdsaanpassing op basis van vorticiteit en circulatie,
VAM_2_Swirl_Clocks/WervelKlokken/04_kerr-achtige_tijdsaanpassing_van_vorticiteit_en_circulatie.tex,subsection: Algemene relativistische Kerr-roodverschuivingsstructuur,
VAM_2_Swirl_Clocks/WervelKlokken/04_kerr-achtige_tijdsaanpassing_van_vorticiteit_en_circulatie.tex,subsection: Æther analoog via vorticiteit en circulatie,
VAM_2_Swirl_Clocks/WervelKlokken/04_kerr-achtige_tijdsaanpassing_van_vorticiteit_en_circulatie.tex,subsection: Hybride VAM Frame-Dragging Hoeksnelheid,
VAM_2_Swirl_Clocks/WervelKlokken/04_kerr-achtige_tijdsaanpassing_van_vorticiteit_en_circulatie.tex,subsection: VAM Gravitationele Roodverschuiving vanuit Kernrotatie,
VAM_2_Swirl_Clocks/WervelKlokken/04_kerr-achtige_tijdsaanpassing_van_vorticiteit_en_circulatie.tex,subsection: VAM Lokale Tijddilatatie Modellen,
VAM_2_Swirl_Clocks/WervelKlokken/04_kerr-achtige_tijdsaanpassing_van_vorticiteit_en_circulatie.tex,subsection: Modelaannames en reikwijdte,
VAM_2_Swirl_Clocks/WervelKlokken/05_unified_framework_en_synthese_van_tijdsdilatatie_in_vam.tex,,
VAM_2_Swirl_Clocks/WervelKlokken/05_unified_framework_en_synthese_van_tijdsdilatatie_in_vam.tex,section: Unified Framework en Synthese van Tijddilatatie in VAM,
VAM_2_Swirl_Clocks/WervelKlokken/05_unified_framework_en_synthese_van_tijdsdilatatie_in_vam.tex,subsection: Hiërarchische Structuur van Tijddilatatiemechanismen,
VAM_2_Swirl_Clocks/WervelKlokken/05_unified_framework_en_synthese_van_tijdsdilatatie_in_vam.tex,subsection: Fysische unificatie: Tijd als een van vorticiteit afgeleide waarneembare variabele,
VAM_2_Swirl_Clocks/WervelKlokken/05_unified_framework_en_synthese_van_tijdsdilatatie_in_vam.tex,"subsection: Uitdagingen, beperkingen en paden naar bredere relevantie",
VAM_2_Swirl_Clocks/WervelKlokken/05_unified_framework_en_synthese_van_tijdsdilatatie_in_vam.tex,subsection: Versterking van wetenschappelijke nauwkeurigheid en bredere aantrekkingskracht,
VAM_2_Swirl_Clocks/WervelKlokken/05_unified_framework_en_synthese_van_tijdsdilatatie_in_vam.tex,subsection: Afsluitend perspectief,
VAM_2_Swirl_Clocks/WervelKlokken/06_Toepassing_VAM_Kwantum_Kernprocessen.tex,,
VAM_2_Swirl_Clocks/WervelKlokken/06_Toepassing_VAM_Kwantum_Kernprocessen.tex,section: Toepassingen van VAM op kwantum- en kernprocessen,
VAM_2_Swirl_Clocks/WervelKlokken/06_Toepassing_VAM_Kwantum_Kernprocessen.tex,subsection: LENR via resonantietunneling,
VAM_2_Swirl_Clocks/WervelKlokken/06_Toepassing_VAM_Kwantum_Kernprocessen.tex,subsection: Resonante Ætherische tunneling en LENR in VAM,
VAM_2_Swirl_Clocks/WervelKlokken/06_Toepassing_VAM_Kwantum_Kernprocessen.tex,subsection: VAM Quantum Electrodynamics (QED) Lagrangian,
VAM_2_Swirl_Clocks/WervelKlokken/07_vam_vortex_verstrooiings_raamwerk_geïnspireerd_door_elastische_theorie.tex,,
VAM_2_Swirl_Clocks/WervelKlokken/07_vam_vortex_verstrooiings_raamwerk_geïnspireerd_door_elastische_theorie.tex,section: VAM Wervelverstrooiingsraamwerk (geïnspireerd door elastische theorie),
VAM_2_Swirl_Clocks/WervelKlokken/07_vam_vortex_verstrooiings_raamwerk_geïnspireerd_door_elastische_theorie.tex,subsection: Bepalende vergelijkingen van VAM Vorticiteitsdynamiek,
VAM_2_Swirl_Clocks/WervelKlokken/07_vam_vortex_verstrooiings_raamwerk_geïnspireerd_door_elastische_theorie.tex,subsubsection: Vorticiteitstransportvergelijking (gelineariseerde vorm),
VAM_2_Swirl_Clocks/WervelKlokken/07_vam_vortex_verstrooiings_raamwerk_geïnspireerd_door_elastische_theorie.tex,subsubsection: Vorticiteit Groene Tensor Vergelijking,
VAM_2_Swirl_Clocks/WervelKlokken/07_vam_vortex_verstrooiings_raamwerk_geïnspireerd_door_elastische_theorie.tex,subsection: Wisselwerking werveldraad,
VAM_2_Swirl_Clocks/WervelKlokken/07_vam_vortex_verstrooiings_raamwerk_geïnspireerd_door_elastische_theorie.tex,subsection: Thermodynamisch \& kwantumgedrag van vorticiteitsfluctuaties,
VAM_2_Swirl_Clocks/WervelKlokken/07_vam_vortex_verstrooiings_raamwerk_geïnspireerd_door_elastische_theorie.tex,subsubsection: Achtergrond kwantumvorticiteit,
VAM_2_Swirl_Clocks/WervelKlokken/07_vam_vortex_verstrooiings_raamwerk_geïnspireerd_door_elastische_theorie.tex,subsection: VAM-verstrooiingstheorie voor wervelknopen,
VAM_2_Swirl_Clocks/WervelKlokken/07_vam_vortex_verstrooiings_raamwerk_geïnspireerd_door_elastische_theorie.tex,subsubsection: Born-benadering voor wervelstoringen,
VAM_2_Swirl_Clocks/WervelKlokken/07_vam_vortex_verstrooiings_raamwerk_geïnspireerd_door_elastische_theorie.tex,subsection: Ætherspanningstensor en energieflux,
VAM_2_Swirl_Clocks/WervelKlokken/07_vam_vortex_verstrooiings_raamwerk_geïnspireerd_door_elastische_theorie.tex,subsubsection: VAM-spanningstensor,
VAM_2_Swirl_Clocks/WervelKlokken/07_vam_vortex_verstrooiings_raamwerk_geïnspireerd_door_elastische_theorie.tex,subsubsection: Æther Vorticiteit Krachtdichtheid,
VAM_2_Swirl_Clocks/WervelKlokken/07_vam_vortex_verstrooiings_raamwerk_geïnspireerd_door_elastische_theorie.tex,subsubsection: Vorticiteit Energieflux,
VAM_2_Swirl_Clocks/WervelKlokken/07_vam_vortex_verstrooiings_raamwerk_geïnspireerd_door_elastische_theorie.tex,subsection: Tijddilatatie en knoopverstrooiing,
VAM_2_Swirl_Clocks/WervelKlokken/07_vam_vortex_verstrooiings_raamwerk_geïnspireerd_door_elastische_theorie.tex,subsubsection: Tijddilatatie door knooprotatie,
VAM_2_Swirl_Clocks/WervelKlokken/07_vam_vortex_verstrooiings_raamwerk_geïnspireerd_door_elastische_theorie.tex,subsubsection: Verstrooide correctie door extern veld,
VAM_2_Swirl_Clocks/WervelKlokken/07_vam_vortex_verstrooiings_raamwerk_geïnspireerd_door_elastische_theorie.tex,subsection: Samenvatting van VAM-geïnspireerde verstrooiingsconstructies,
VAM_2_Swirl_Clocks/WervelKlokken/08_experimentele_ankers.tex,,
VAM_2_Swirl_Clocks/WervelKlokken/08_experimentele_ankers.tex,section: Experimentele tests en observatievoorspellingen van VAM,
VAM_2_Swirl_Clocks/WervelKlokken/08_experimentele_ankers.tex,subsection: 1. Tijddilatatie in roterende superfluïden,
VAM_2_Swirl_Clocks/WervelKlokken/08_experimentele_ankers.tex,subsection: 2. Plasma-wervelklokken en cyclotronanalogieën,
VAM_2_Swirl_Clocks/WervelKlokken/08_experimentele_ankers.tex,subsection: 3. Optische en metamateriaal-analogen,
VAM_2_Swirl_Clocks/WervelKlokken/08_experimentele_ankers.tex,subsection: 4. Verwachte observatiekenmerken,
VAM_2_Swirl_Clocks/WervelKlokken/09_VAMvsGR_Overeenkomstige_Voorspellingen.tex,,
VAM_2_Swirl_Clocks/WervelKlokken/09_VAMvsGR_Overeenkomstige_Voorspellingen.tex,section: VAM versus GR: Overeenkomstige Voorspellingen,
VAM_2_Swirl_Clocks/WervelKlokken/09_VAMvsGR_Overeenkomstige_Voorspellingen.tex,subsection: VAM-orbitaalprecessie (GR-equivalent),
VAM_2_Swirl_Clocks/WervelKlokken/09_VAMvsGR_Overeenkomstige_Voorspellingen.tex,subsection: VAM-lichtafbuiging door Ætherische circulatie,
VAM_2_Swirl_Clocks/WervelKlokken/09_VAMvsGR_Overeenkomstige_Voorspellingen.tex,subsection: Overzicht van de waarneembare correspondentie tussen VAM en GR,
VAM_2_Swirl_Clocks/WervelKlokken/2-Wervelklokken_en_vorticiteit_geïnduceerde_zwaartekracht.bib,,
VAM_2_Swirl_Clocks/WervelKlokken/2-Wervelklokken_en_vorticiteit_geïnduceerde_zwaartekracht.tex,"Wervelingsklokken en door vorticiteit geïnduceerde zwaartekracht:
        Relativiteit herformuleren in een gestructureerde vortex-æther\\
        \textnormal{\normalsize Een topologische vloeistofmechanische benadering van tijddilatatie, massa en gravitatie",\today
VAM_2_Swirl_Clocks/WervelKlokken/appendix_01_Afleiding_Tijdsdilatie.tex,,
VAM_2_Swirl_Clocks/WervelKlokken/appendix_01_Afleiding_Tijdsdilatie.tex,section: Afleiding van de tijddilatatieformule binnen VAM,
VAM_2_Swirl_Clocks/WervelKlokken/appendix_02_Afleiding_gravitatieVeld.tex,,
VAM_2_Swirl_Clocks/WervelKlokken/appendix_02_Afleiding_gravitatieVeld.tex,section: Afleiding van het vorticiteit-gebaseerde gravitationele veld,
VAM_2_Swirl_Clocks/WervelKlokken/appendix_03_Newtonse_Limieten.tex,,
VAM_2_Swirl_Clocks/WervelKlokken/appendix_03_Newtonse_Limieten.tex,section: Newtonse limiet en validatie van tijddilatatie,
VAM_2_Swirl_Clocks/WervelKlokken/appendix_03_Newtonse_Limieten.tex,subsection: Vorticiteitspotentiaal op grote afstand,
VAM_2_Swirl_Clocks/WervelKlokken/appendix_03_Newtonse_Limieten.tex,subsection: Tijddilatatie in de zwakveldgrens,
VAM_2_Swirl_Clocks/WervelKlokken/appendix_03_Newtonse_Limieten.tex,subsection: Voorbeeld: de Aarde als wervelmassa,
VAM_2_Swirl_Clocks/WervelKlokken/appendix_03_Newtonse_Limieten.tex,section: Validatie met het Hafele–Keating-klokexperiment,
VAM_2_Swirl_Clocks/WervelKlokken/appendix_03_Newtonse_Limieten.tex,subsection: Samenvatting van het experiment,
VAM_2_Swirl_Clocks/WervelKlokken/appendix_03_Newtonse_Limieten.tex,subsection: Interpretatie binnen het Vortex Æther Model,
VAM_2_Swirl_Clocks/WervelKlokken/appendix_03_Newtonse_Limieten.tex,subsection: Numerieke overeenstemming,
VAM_2_Swirl_Clocks/WervelKlokken/appendix_04_Dynamica_vortexcirculatie_kwantisatie.tex,,
VAM_2_Swirl_Clocks/WervelKlokken/appendix_04_Dynamica_vortexcirculatie_kwantisatie.tex,section: Dynamica van wervelcirculatie en kwantisatie,
VAM_2_Swirl_Clocks/WervelKlokken/appendix_04_Dynamica_vortexcirculatie_kwantisatie.tex,subsection: Kelvin's circulatietheorema,
VAM_2_Swirl_Clocks/WervelKlokken/appendix_04_Dynamica_vortexcirculatie_kwantisatie.tex,subsection: Circulatie rond de wervelkern,
VAM_2_Swirl_Clocks/WervelKlokken/appendix_04_Dynamica_vortexcirculatie_kwantisatie.tex,subsection: Kwantisering van circulatie,
VAM_2_Swirl_Clocks/WervelKlokken/appendix_04_Dynamica_vortexcirculatie_kwantisatie.tex,subsection: Fysische interpretatie,
VAM_2_Swirl_Clocks/WervelKlokken/appendix_05_Tijdsdilatatie_Vortexenergie_Drukgradiënten.tex,,
VAM_2_Swirl_Clocks/WervelKlokken/appendix_05_Tijdsdilatatie_Vortexenergie_Drukgradiënten.tex,section: Tijddilatatie uit wervelenergie en drukgradiënten,
VAM_2_Swirl_Clocks/WervelKlokken/appendix_05_Tijdsdilatatie_Vortexenergie_Drukgradiënten.tex,subsection: Formule: klokvertraging door rotatie-energie,
VAM_2_Swirl_Clocks/WervelKlokken/appendix_05_Tijdsdilatatie_Vortexenergie_Drukgradiënten.tex,subsection: Alternatieve afleiding via drukverschil (Bernoulli-benadering),
VAM_2_Swirl_Clocks/WervelKlokken/appendix_05_Tijdsdilatatie_Vortexenergie_Drukgradiënten.tex,subsection: Fysische interpretatie,
VAM_2_Swirl_Clocks/WervelKlokken/appendix_06_Parameterafstemming_Limietgedrag.tex,,
VAM_2_Swirl_Clocks/WervelKlokken/appendix_06_Parameterafstemming_Limietgedrag.tex,section: Parameterafstemming en limietgedrag,
VAM_2_Swirl_Clocks/WervelKlokken/appendix_06_Parameterafstemming_Limietgedrag.tex,subsection: Afleiding van $G_\text{swirl,
VAM_2_Swirl_Clocks/WervelKlokken/appendix_06_Parameterafstemming_Limietgedrag.tex,subsection: Limiet $r \to \infty$: klassieke zwaartekracht,
VAM_2_Swirl_Clocks/WervelKlokken/appendix_06_Parameterafstemming_Limietgedrag.tex,subsection: Relatie tussen $M_\text{eff,
VAM_2_Swirl_Clocks/WervelKlokken/appendix_06_Parameterafstemming_Limietgedrag.tex,subsection: Conclusie,
VAM_2_Swirl_Clocks/WervelKlokken/appendix_07_Foundations_Velocity_Fields_and_Energies.tex,,
VAM_2_Swirl_Clocks/WervelKlokken/appendix_07_Foundations_Velocity_Fields_and_Energies.tex,section: Grondslagen van snelheidsvelden en energieën in een wervelsysteem.,
VAM_2_Swirl_Clocks/WervelKlokken/appendix_07_Foundations_Velocity_Fields_and_Energies.tex,subsection: Inleiding,
VAM_2_Swirl_Clocks/WervelKlokken/appendix_07_Foundations_Velocity_Fields_and_Energies.tex,subsection: Fundamenten: Snelheidsvelden en totale (zelf- + dwars-)energie,
VAM_2_Swirl_Clocks/WervelKlokken/appendix_07_Foundations_Velocity_Fields_and_Energies.tex,subsection: Overwegingen met betrekking tot impuls en eigen energie,
VAM_2_Swirl_Clocks/WervelKlokken/appendix_07_Foundations_Velocity_Fields_and_Energies.tex,subsection: Definiëren en volgen van kruisenergie,
VAM_2_Swirl_Clocks/WervelKlokken/appendix_07_Foundations_Velocity_Fields_and_Energies.tex,subsection: Toepassingen op heliciteit en topologische stromingen,
VAM_2_Swirl_Clocks/WervelKlokken/appendix_07_Foundations_Velocity_Fields_and_Energies.tex,subsection: Afleidingsschema voor kruisenergie,
VAM_2_Swirl_Clocks/WervelKlokken/appendix_07_Foundations_Velocity_Fields_and_Energies.tex,subsection: Conclusion,
VAM_2_Swirl_Clocks/WervelKlokken/appendix_08_Integration_of_Clausius_Heat_Theory.tex,,
VAM_2_Swirl_Clocks/WervelKlokken/appendix_08_Integration_of_Clausius_Heat_Theory.tex,section: Integratie van Clausius' warmtetheorie in VAM,
VAM_2_Swirl_Clocks/WervelKlokken/appendix_08_Integration_of_Clausius_Heat_Theory.tex,subsection: Thermodynamische basisprincipes in VAM,
VAM_2_Swirl_Clocks/WervelKlokken/appendix_08_Integration_of_Clausius_Heat_Theory.tex,subsection: Entropie en gestructureerde vorticiteit,
VAM_2_Swirl_Clocks/WervelKlokken/appendix_08_Integration_of_Clausius_Heat_Theory.tex,subsection: Thermische respons van wervelknopen,
VAM_2_Swirl_Clocks/WervelKlokken/appendix_08_Integration_of_Clausius_Heat_Theory.tex,subsection: Foto-elektrische analogie in VAM,
VAM_2_Swirl_Clocks/WervelKlokken/appendix_08_Integration_of_Clausius_Heat_Theory.tex,subsection: Conclusie en integratie,
VAM_2_Swirl_Clocks/WervelKlokken/appendix_09_TopologischeLading.tex,,
VAM_2_Swirl_Clocks/WervelKlokken/appendix_09_TopologischeLading.tex,section: Topologische Lading in het Vortex-Æther Model,
VAM_2_Swirl_Clocks/WervelKlokken/appendix_09_TopologischeLading.tex,subsection: Motivatie vanuit Hopfionen en Magnetische Skyrmionen,
VAM_2_Swirl_Clocks/WervelKlokken/appendix_09_TopologischeLading.tex,subsection: Definitie van de VAM-topologische Lading,
VAM_2_Swirl_Clocks/WervelKlokken/appendix_09_TopologischeLading.tex,subsection: Topologische Energieterm in de VAM-Lagrangiaan,
VAM_2_Swirl_Clocks/WervelKlokken/appendix_09_TopologischeLading.tex,subsection: Vergelijking met de Micromagnetische Energiefunctionaal,
VAM_2_Swirl_Clocks/WervelKlokken/appendix_09_TopologischeLading.tex,subsection: Kwantisering en Topologische Stabiliteit,
VAM_2_Swirl_Clocks/WervelKlokken/appendix_09_TopologischeLading.tex,subsection: Relatie met Wervelklokken en Lokale Tijdsvertraging,
VAM_2_Swirl_Clocks/WervelKlokken/appendix_09_TopologischeLading.tex,subsection: Vooruitblik,
VAM_2_Swirl_Clocks/WervelKlokken/appendix_10_GesplitsteHeliciteit.tex,,
VAM_2_Swirl_Clocks/WervelKlokken/appendix_10_GesplitsteHeliciteit.tex,section: Gesplitste Helicity in het Vortex Æther Model,
VAM_2_Swirl_Clocks/WervelKlokken/appendix_10_GesplitsteHeliciteit.tex,subsection: Motivatie en Context,
VAM_2_Swirl_Clocks/WervelKlokken/appendix_10_GesplitsteHeliciteit.tex,subsection: Formulering van de Helicitycomponenten,
VAM_2_Swirl_Clocks/WervelKlokken/appendix_10_GesplitsteHeliciteit.tex,subsection: Toepassing in VAM-tijddilatatie,
VAM_2_Swirl_Clocks/WervelKlokken/appendix_11_VAM_Lagrangian.tex,,
VAM_2_Swirl_Clocks/WervelKlokken/appendix_11_VAM_Lagrangian.tex,section: VAM-Lagrangiaan Gebaseerd op Incompressibele Schrödinger Flow,
VAM_2_Swirl_Clocks/WervelKlokken/appendix_11_VAM_Lagrangian.tex,subsection: Complexe Vortexgolven in Æther,
VAM_2_Swirl_Clocks/WervelKlokken/appendix_11_VAM_Lagrangian.tex,subsection: Lagrangiaan met Landau–Lifshitz-achtige term,
VAM_2_Swirl_Clocks/WervelKlokken/appendix_11_VAM_Lagrangian.tex,subsection: Afleiding van de VAM-veldvergelijking,
VAM_2_Swirl_Clocks/WervelKlokken/appendix_11_VAM_Lagrangian.tex,subsection: Fysische Interpretatie,
VAM_2_Swirl_Clocks/WervelKlokken/appendix_12_AfleidingFijnStructuurConstante.tex,,
VAM_2_Swirl_Clocks/WervelKlokken/appendix_12_AfleidingFijnStructuurConstante.tex,section: Afleiding van de fijnstructuurconstante vanuit de wervelmechanica,
VAM_2_Swirl_Clocks/WervelKlokken/appendix_12_AfleidingFijnStructuurConstante.tex,subsection: Kwantisering van circulatie,
VAM_2_Swirl_Clocks/WervelKlokken/appendix_12_AfleidingFijnStructuurConstante.tex,subsection: Relatie tot de lichtsnelheid,
VAM_3_Benchmarking_Relativity/3-Benchmarking_Vortex_Æther_Model_vs_General_Relativity.bib,,
VAM_3_Benchmarking_Relativity/VAM-3-Benchmarking_Vortex_Æther_Model_vs_General_Relativity.tex,Benchmarking the Vortex Æther Model vs General Relativity,\today
VAM_3_Benchmarking_Relativity/sections/01_introduction.tex,,
VAM_3_Benchmarking_Relativity/sections/01_introduction.tex,section: Introduction,
VAM_3_Benchmarking_Relativity/sections/01_introduction.tex,subsection: Validation of the VAM Expression for Newton's Constant,
VAM_3_Benchmarking_Relativity/sections/02_time_dilation.tex,,
VAM_3_Benchmarking_Relativity/sections/02_time_dilation.tex,section: Gravitational Time Dilation (Static Field),
VAM_3_Benchmarking_Relativity/sections/02_time_dilation.tex,subsection: VAM Interpretation,
VAM_3_Benchmarking_Relativity/sections/02_time_dilation.tex,subsection: Observational Agreement,
VAM_3_Benchmarking_Relativity/sections/02_time_dilation.tex,subsection: Rotational Energy Formulation in VAM,
VAM_3_Benchmarking_Relativity/sections/02_time_dilation.tex,subsection: Suppression at Quantum Scales,
VAM_3_Benchmarking_Relativity/sections/02_time_dilation.tex,subsection: Hybridization of Gravitational Coupling for Macroscopic Regimes,
VAM_3_Benchmarking_Relativity/sections/02_time_dilation.tex,subsection: Conclusion,
VAM_3_Benchmarking_Relativity/sections/03_velocity_dilation.tex,,
VAM_3_Benchmarking_Relativity/sections/03_velocity_dilation.tex,section: Kinetic and Orbital Time Dilation in VAM and GR,
VAM_3_Benchmarking_Relativity/sections/03_velocity_dilation.tex,subsection: Kinetic Time Dilation (Velocity-Based),
VAM_3_Benchmarking_Relativity/sections/03_velocity_dilation.tex,subsection: Orbital Time Dilation (Kerr Metric Analogue),
VAM_3_Benchmarking_Relativity/sections/03_velocity_dilation.tex,subsubsection: Black Hole Case and Event Horizon,
VAM_3_Benchmarking_Relativity/sections/03_velocity_dilation.tex,subsection: Corrections: $\mu(r)$ Scaling Factor,
VAM_3_Benchmarking_Relativity/sections/03_velocity_dilation.tex,subsection: Conclusion,
VAM_3_Benchmarking_Relativity/sections/04_frame_dragging.tex,,
VAM_3_Benchmarking_Relativity/sections/04_frame_dragging.tex,section: Frame-Dragging (Lense--Thirring Effect),
VAM_3_Benchmarking_Relativity/sections/04_frame_dragging.tex,subsection: Observed Evidence,
VAM_3_Benchmarking_Relativity/sections/04_frame_dragging.tex,subsection: VAM Prediction,
VAM_3_Benchmarking_Relativity/sections/04_frame_dragging.tex,subsection: Quantum Suppression,
VAM_3_Benchmarking_Relativity/sections/04_frame_dragging.tex,subsection: Improvement via Mass Distribution,
VAM_3_Benchmarking_Relativity/sections/04_frame_dragging.tex,subsection: Conclusion,
VAM_3_Benchmarking_Relativity/sections/04_StrongFieldÆtherDynamics.tex,,
VAM_3_Benchmarking_Relativity/sections/04_StrongFieldÆtherDynamics.tex,section: Strong-Field Benchmark: ISCO Radius Around a Schwarzschild Black Hole,
VAM_3_Benchmarking_Relativity/sections/05_redshift.tex,,
VAM_3_Benchmarking_Relativity/sections/05_redshift.tex,section: Gravitational Redshift (Frequency Shift of Light),
VAM_3_Benchmarking_Relativity/sections/05_redshift.tex,subsection: VAM Prediction,
VAM_3_Benchmarking_Relativity/sections/05_redshift.tex,subsection: Black Hole Analogue,
VAM_3_Benchmarking_Relativity/sections/05_redshift.tex,subsection: Assessment and Fixes,
VAM_3_Benchmarking_Relativity/sections/05_redshift.tex,subsection: Conclusion,
VAM_3_Benchmarking_Relativity/sections/06_light_deflection.tex,,
VAM_3_Benchmarking_Relativity/sections/06_light_deflection.tex,section: Deflection of Light by Gravity,
VAM_3_Benchmarking_Relativity/sections/06_light_deflection.tex,subsection: VAM Prediction,
VAM_3_Benchmarking_Relativity/sections/06_light_deflection.tex,subsection: Comparison with Observations,
VAM_3_Benchmarking_Relativity/sections/06_light_deflection.tex,subsection: Mechanism in VAM,
VAM_3_Benchmarking_Relativity/sections/06_light_deflection.tex,subsection: Higher-Order and Future Considerations,
VAM_3_Benchmarking_Relativity/sections/06_light_deflection.tex,subsection: Conclusion,
VAM_3_Benchmarking_Relativity/sections/07_perihelion_precession.tex,,
VAM_3_Benchmarking_Relativity/sections/07_perihelion_precession.tex,section: Perihelion Precession of Orbits,
VAM_3_Benchmarking_Relativity/sections/07_perihelion_precession.tex,subsection: GR Prediction,
VAM_3_Benchmarking_Relativity/sections/07_perihelion_precession.tex,subsection: VAM Prediction,
VAM_3_Benchmarking_Relativity/sections/07_perihelion_precession.tex,subsection: Comparison of Precession,
VAM_3_Benchmarking_Relativity/sections/07_perihelion_precession.tex,subsection: VAM's Interpretation,
VAM_3_Benchmarking_Relativity/sections/07_perihelion_precession.tex,subsection: Corrections and Refinements,
VAM_3_Benchmarking_Relativity/sections/07_perihelion_precession.tex,subsection: Conclusion,
VAM_3_Benchmarking_Relativity/sections/08-gravitational_potential.tex,,
VAM_3_Benchmarking_Relativity/sections/08-gravitational_potential.tex,section: Gravitational Potential and Field Strength,
VAM_3_Benchmarking_Relativity/sections/08-gravitational_potential.tex,subsection: GR Prediction,
VAM_3_Benchmarking_Relativity/sections/08-gravitational_potential.tex,subsection: VAM Formulation,
VAM_3_Benchmarking_Relativity/sections/08-gravitational_potential.tex,subsection: Potential Deviations at Quantum Scales,
VAM_3_Benchmarking_Relativity/sections/08-gravitational_potential.tex,subsection: ISCO and Stability Considerations,
VAM_3_Benchmarking_Relativity/sections/08-gravitational_potential.tex,subsection: Assessment,
VAM_3_Benchmarking_Relativity/sections/09_gravitational_waves.tex,,
VAM_3_Benchmarking_Relativity/sections/09_gravitational_waves.tex,section: Gravitational Waves and Binary Inspiral Decay,
VAM_3_Benchmarking_Relativity/sections/09_gravitational_waves.tex,subsection: GR Prediction,
VAM_3_Benchmarking_Relativity/sections/09_gravitational_waves.tex,section: Limitations of Incompressible VAM and Proposed Extensions,
VAM_3_Benchmarking_Relativity/sections/10_VortexDrivenGravityWaves.tex,,
VAM_3_Benchmarking_Relativity/sections/10_VortexDrivenGravityWaves.tex,section: Vortex-Driven Source Terms and the Emergence of Radiation,
VAM_3_Benchmarking_Relativity/sections/10_VortexDrivenGravityWaves.tex,section: Wave Speed and Æther Elasticity,
VAM_3_Benchmarking_Relativity/sections/10_VortexDrivenGravityWaves.tex,section: Coupling Vortex Motion to Æther Waves,
VAM_3_Benchmarking_Relativity/sections/10_VortexDrivenGravityWaves.tex,section: Æther Elasticity and the Speed of Light,
VAM_3_Benchmarking_Relativity/sections/10_VortexDrivenGravityWaves.tex,section: Quadrupolar Emission from Swirling Asymmetries,
VAM_3_Benchmarking_Relativity/sections/10_VortexDrivenGravityWaves.tex,section: Energy Emission and Agreement with the Quadrupole Formula,
VAM_3_Benchmarking_Relativity/sections/10_VortexDrivenGravityWaves.tex,section: Detectability and Observational Signatures,
VAM_3_Benchmarking_Relativity/sections/10_VortexDrivenGravityWaves.tex,section: Conclusion,
VAM_3_Benchmarking_Relativity/sections/11_geodetic_precession.tex,,
VAM_3_Benchmarking_Relativity/sections/11_geodetic_precession.tex,section: Geodetic Precession (de Sitter Precession),
VAM_3_Benchmarking_Relativity/sections/11_geodetic_precession.tex,subsection: GR Prediction,
VAM_3_Benchmarking_Relativity/sections/11_geodetic_precession.tex,subsection: VAM Consideration,
VAM_3_Benchmarking_Relativity/sections/11_geodetic_precession.tex,subsection: Comparison,
VAM_3_Benchmarking_Relativity/sections/11_geodetic_precession.tex,subsection: Conclusion,
VAM_3_Benchmarking_Relativity/sections/12_SpinDynamics.tex,,
VAM_3_Benchmarking_Relativity/sections/12_SpinDynamics.tex,section: Spin dynamics in the Vortex Æther Model (VAM),
VAM_3_Benchmarking_Relativity/sections/12_SpinDynamics.tex,subsection: 1. Spin transport via swirl gradients,
VAM_3_Benchmarking_Relativity/sections/12_SpinDynamics.tex,subsection: 2. Comparison with Thomas precession,
VAM_3_Benchmarking_Relativity/sections/12_SpinDynamics.tex,subsection: 3. De Sitter (geodesic) precession,
VAM_3_Benchmarking_Relativity/sections/12_SpinDynamics.tex,subsection: 4. Application: Gravity Probe B,
VAM_3_Benchmarking_Relativity/sections/12_SpinDynamics.tex,subsection: 5. Physical interpretation,
VAM_3_Benchmarking_Relativity/sections/12_SpinDynamics.tex,subsection: Conclusion,
VAM_3_Benchmarking_Relativity/sections/13_ISCO_bench.tex,,
VAM_3_Benchmarking_Relativity/sections/13_ISCO_bench.tex,section: Benchmarking the Innermost Stable Circular Orbit (ISCO): GR vs. VAM,
VAM_3_Benchmarking_Relativity/sections/13_ISCO_bench.tex,subsection: Effective Potential Comparison,
VAM_3_Benchmarking_Relativity/sections/13_ISCO_bench.tex,subsection: Numerical Parameters,
VAM_3_Benchmarking_Relativity/sections/13_ISCO_bench.tex,subsection: Results and Interpretation,
VAM_3_Benchmarking_Relativity/sections/13_ISCO_bench.tex,subsection: Visual Benchmarking,
VAM_3_Benchmarking_Relativity/sections/13_ISCO_bench.tex,subsection: Conclusion,
VAM_3_Benchmarking_Relativity/sections/14_resolved_Challenges.tex,,
VAM_3_Benchmarking_Relativity/sections/14_resolved_Challenges.tex,section: Resolved Challenges and Outstanding Extensions in VAM,
VAM_3_Benchmarking_Relativity/sections/14_resolved_Challenges.tex,subsection: 1. Gravitational Radiation Mechanism Incorporated,
VAM_3_Benchmarking_Relativity/sections/14_resolved_Challenges.tex,subsection: 2. Spin Dynamics Realized via Swirl Transport,
VAM_3_Benchmarking_Relativity/sections/14_resolved_Challenges.tex,subsection: 3. Strong-Field Regime and ISCO Dynamics in VAM,
VAM_3_Benchmarking_Relativity/sections/14_resolved_Challenges.tex,subsection: 4. Derive and Constrain VAM Coupling Constants,
VAM_3_Benchmarking_Relativity/sections/14_resolved_Challenges.tex,subsection: 5. Identify Testable Deviations from GR,
VAM_3_Benchmarking_Relativity/sections/14_resolved_Challenges.tex,section: Conclusion,
VAM_3_Benchmarking_Relativity/sections/15_conclusion.tex,,
VAM_3_Benchmarking_Relativity/sections/15_conclusion.tex,section: Summary and Conclusions,
VAM_3_Benchmarking_Relativity/sections/15_conclusion.tex,subsection: Overall Assessment,
VAM_3_Benchmarking_Relativity/sections/15_conclusion.tex,subsection: Future Work,
VAM_3_Benchmarking_Relativity/sections/15_conclusion.tex,subsection: Conclusion,
VAM_3_Benchmarking_Relativity/sections/15_conclusion.tex,section: Recommendations and Conclusion,
VAM_3_Benchmarking_Relativity/sections/Appendix Nuclear Activation via Swirl Resonance in VAM.tex,,
VAM_3_Benchmarking_Relativity/sections/Appendix Nuclear Activation via Swirl Resonance in VAM.tex,section: Appendix: Nuclear Activation via Swirl Resonance in the Vortex Æther Model,
VAM_3_Benchmarking_Relativity/sections/Appendix Nuclear Activation via Swirl Resonance in VAM.tex,section: 1. Overview,
VAM_3_Benchmarking_Relativity/sections/Appendix Nuclear Activation via Swirl Resonance in VAM.tex,section: 2. Swirl Resonance Yield,
VAM_3_Benchmarking_Relativity/sections/Appendix Nuclear Activation via Swirl Resonance in VAM.tex,section: 3. Core-Shell Vortex Structure,
VAM_3_Benchmarking_Relativity/sections/Appendix Nuclear Activation via Swirl Resonance in VAM.tex,section: 4. Swirl Rigidity and $Z_{\mathrm{eff,
VAM_3_Benchmarking_Relativity/sections/Appendix Nuclear Activation via Swirl Resonance in VAM.tex,section: 5. Delayed Neutron Decay as Topological Swirl Collapse,
VAM_3_Benchmarking_Relativity/sections/Appendix Nuclear Activation via Swirl Resonance in VAM.tex,section: 6. Experimental Confirmation,
VAM_3_Benchmarking_Relativity/sections/Appendix_BeamSwirlInteractionSpectrum.tex,,
VAM_3_Benchmarking_Relativity/sections/Appendix_BeamSwirlInteractionSpectrum.tex,section: VAM Beam--Swirl Interaction Spectrum,
VAM_3_Benchmarking_Relativity/sections/Appendix_BeamSwirlInteractionSpectrum.tex,section: 1. Introduction,
VAM_3_Benchmarking_Relativity/sections/Appendix_BeamSwirlInteractionSpectrum.tex,section: 2. Swirl Coupling Formalism,
VAM_3_Benchmarking_Relativity/sections/Appendix_BeamSwirlInteractionSpectrum.tex,section: 3. Numerical Simulation,
VAM_3_Benchmarking_Relativity/sections/Appendix_BeamSwirlInteractionSpectrum.tex,section: 4. Interpretation,
VAM_3_Benchmarking_Relativity/sections/Appendix_BeamSwirlInteractionSpectrum.tex,section: 5. Time-Domain Interpretation: Pulse-Swirl Coupling,
VAM_3_Benchmarking_Relativity/sections/Appendix_BeamSwirlInteractionSpectrum.tex,section: 6. Quantized Yield Estimate from VAM Constants,
VAM_3_Benchmarking_Relativity/sections/Appendix_BeamSwirlInteractionSpectrum.tex,section: 7. Application to LENR Target Systems,
VAM_3_Benchmarking_Relativity/sections/Appendix_BeamSwirlInteractionSpectrum.tex,subsection: 7.1 Boron-11 Case Study: Gamma-Induced Swirl Resonance,
VAM_3_Benchmarking_Relativity/sections/Appendix_BeamSwirlInteractionSpectrum.tex,subsection: 7.2 Fusion Enhancement Interpretation,
VAM_3_Benchmarking_Relativity/sections/Appendix_BeamSwirlInteractionSpectrum.tex,subsection: 7.3 Summary,
VAM_3_Benchmarking_Relativity/sections/Appendix_BeamSwirlInteractionSpectrum.tex,section: 8. Simulation and Parametric Validation,
VAM_3_Benchmarking_Relativity/sections/Appendix_BeamSwirlInteractionSpectrum.tex,subsection: 8.1 Parametric Sweep: Frequency Detuning,
VAM_3_Benchmarking_Relativity/sections/Appendix_BeamSwirlInteractionSpectrum.tex,subsection: 8.2 Parametric Sweep: Damping Width,
VAM_3_Benchmarking_Relativity/sections/Appendix_BeamSwirlInteractionSpectrum.tex,subsection: 8.3 Interpretation,
VAM_3_Benchmarking_Relativity/sections/Appendix_BeamSwirlInteractionSpectrum.tex,section: 9. Conclusion and Outlook,
VAM_3_Benchmarking_Relativity/sections/Appendix_BenchmarkingBeyondGR.tex,,
VAM_3_Benchmarking_Relativity/sections/Appendix_BenchmarkingBeyondGR.tex,section: Experimental Corroboration from Shear Flow and Vortex Confinement Studies,
VAM_3_Benchmarking_Relativity/sections/Appendix_BenchmarkingBeyondGR.tex,subsection: Key Observational Studies,
VAM_3_Benchmarking_Relativity/sections/Appendix_BenchmarkingBeyondGR.tex,subsection: Redshift Anomalies in Plasma Vortex Systems,
VAM_3_Benchmarking_Relativity/sections/Appendix_BenchmarkingBeyondGR.tex,subsubsection: Relevant Observations:,
VAM_3_Benchmarking_Relativity/sections/Appendix_BenchmarkingBeyondGR.tex,subsection: 5.3 Interpretation in the Context of VAM,
VAM_3_Benchmarking_Relativity/sections/Appendix_BenchmarkingBeyondGR.tex,subsection: Redshift and Phase Drift in Rotating Media: Sagnac-Based Evidence,
VAM_3_Benchmarking_Relativity/sections/Appendix_BenchmarkingBeyondGR.tex,subsection: Vortex-Induced Curvature Effects Without Mass: Analogous Gravity in VAM,
VAM_3_Benchmarking_Relativity/sections/Appendix_BenchmarkingBeyondGR.tex,subsubsection: Relevant Theoretical and Analog Studies,
VAM_3_Benchmarking_Relativity/sections/Appendix_BenchmarkingBeyondGR.tex,subsection: Topological Quantization and the Vortex-Knot Matter Hypothesis,
VAM_3_Benchmarking_Relativity/sections/Appendix_BenchmarkingBeyondGR.tex,subsubsection: Relevant Research and Theoretical Foundations,
VAM_3_Benchmarking_Relativity/sections/Appendix_BenchmarkingBeyondGR.tex,subsection: Non-Reciprocal Proper Time Accumulation in Swirl Topologies,
VAM_3_Benchmarking_Relativity/sections/Appendix_BenchmarkingBeyondGR.tex,subsubsection: Supporting Theoretical and Experimental Works,
VAM_3_Benchmarking_Relativity/sections/Appendix_BenchmarkingBeyondGR.tex,subsection: 5.4 Toward Experimental Verification,
VAM_3_Benchmarking_Relativity/sections/Appendix_BenchmarkingBeyondGR.tex,subsection: Swirl-Confinement Effects in Low Energy Nuclear Reactions (LENR),
VAM_3_Benchmarking_Relativity/sections/Appendix_BenchmarkingBeyondGR.tex,subsubsection: Supporting Evidence and Parallel Theories,
VAM_3_Benchmarking_Relativity/sections/Appendix_NumericalBenchmark.tex,,
VAM_3_Benchmarking_Relativity/sections/Appendix_NumericalBenchmark.tex,section: Numerical Benchmarks in High-Gradient Regimes,
VAM_3_Benchmarking_Relativity/sections/Appendix_NumericalBenchmark.tex,subsection: Gravitational Time Dilation Near a Neutron Star,
VAM_3_Benchmarking_Relativity/sections/Appendix_NumericalBenchmark.tex,subsection: Redshift from Surface Emission,
VAM_3_Benchmarking_Relativity/sections/Appendix_NumericalBenchmark.tex,subsection: Frame-Dragging Near Rapidly Rotating Body,
VAM_3_Benchmarking_Relativity/sections/Appendix_NumericalBenchmark.tex,subsection: Discussion,
VAM_3_Benchmarking_Relativity/sections/Appendix_VortexÆtherModelsQuantumSpinAnalogs.tex,,
VAM_3_Benchmarking_Relativity/sections/Appendix_VortexÆtherModelsQuantumSpinAnalogs.tex,section: Vortices as Atomic Models and Quantization of Angular Momentum,
VAM_3_Benchmarking_Relativity/sections/Appendix_VortexÆtherModelsQuantumSpinAnalogs.tex,section: Static Vorticity Fields and Spin-\textonehalf{,
VAM_3_Benchmarking_Relativity/sections/Appendix_VortexÆtherModelsQuantumSpinAnalogs.tex,"section: Trefoil Knots, Helicity, and Quantized Invariants",
VAM_3_Benchmarking_Relativity/sections/Appendix_VortexÆtherModelsQuantumSpinAnalogs.tex,section: Angular Momentum Conservation via Vorticity Conservation,
VAM_3_Benchmarking_Relativity/sections/Appendix_VortexÆtherModelsQuantumSpinAnalogs.tex,section: Magnetic Moment and the Anomalous \texorpdfstring{$g$,
VAM_3_Benchmarking_Relativity/sections/Appendix_VortexÆtherModelsQuantumSpinAnalogs.tex,section: Spin Precession and Vortex Alignment in External Fields,
VAM_3_Benchmarking_Relativity/sections/Appendix_VortexÆtherModelsQuantumSpinAnalogs.tex,section: Electron Spin Coupling and Measurement in VAM,
VAM_3_Benchmarking_Relativity/sections/Appendix_VortexÆtherModelsQuantumSpinAnalogs.tex,subsection: Numerical Estimate of the Larmor Frequency,
VAM_3_Benchmarking_Relativity/sections/Appendix_VortexÆtherModelsQuantumSpinAnalogs.tex,section: Conclusion,
VAM_4_General_Relativity_from_Structured_Swirl/VAM-4-EmergentGeneralRelativityFromStructuredSwirlDynamicsInVAM.tex,,
VAM_4_General_Relativity_from_Structured_Swirl/VAM-4-EmergentGeneralRelativityFromStructuredSwirlDynamicsInVAM.tex,section: \papertitle,
VAM_4_General_Relativity_from_Structured_Swirl/VAM-4-EmergentGeneralRelativityFromStructuredSwirlDynamicsInVAM.tex,section: Lorentz Recovery Theorem in the Vortex Æther Model,
VAM_4_General_Relativity_from_Structured_Swirl/VAM-4-EmergentGeneralRelativityFromStructuredSwirlDynamicsInVAM.tex,subsection: Core Postulates of the Vortex Æther Model (VAM),
VAM_4_General_Relativity_from_Structured_Swirl/VAM-4-EmergentGeneralRelativityFromStructuredSwirlDynamicsInVAM.tex,subsection: Key Definitions,
VAM_4_General_Relativity_from_Structured_Swirl/VAM-4-EmergentGeneralRelativityFromStructuredSwirlDynamicsInVAM.tex,subsection: Lemmas,
VAM_4_General_Relativity_from_Structured_Swirl/VAM-4-EmergentGeneralRelativityFromStructuredSwirlDynamicsInVAM.tex,subsection: Theorem (Lorentz Recovery Theorem),
VAM_4_General_Relativity_from_Structured_Swirl/VAM-4-EmergentGeneralRelativityFromStructuredSwirlDynamicsInVAM.tex,subsection: Physical Interpretation,
VAM_4_General_Relativity_from_Structured_Swirl/VAM-4-EmergentGeneralRelativityFromStructuredSwirlDynamicsInVAM.tex,subsection: Conclusion and Discussion,
VAM_4_General_Relativity_from_Structured_Swirl/VAM-4-EmergentGeneralRelativityFromStructuredSwirlDynamicsInVAM.tex,section: Limits of Lorentz Recovery: VAM Predictions Beyond SR,
VAM_4_General_Relativity_from_Structured_Swirl/VAM-4-EmergentGeneralRelativityFromStructuredSwirlDynamicsInVAM.tex,subsection: Swirl-Induced Lorentz Symmetry Breaking,
VAM_4_General_Relativity_from_Structured_Swirl/VAM-4-EmergentGeneralRelativityFromStructuredSwirlDynamicsInVAM.tex,subsection: Topological Transitions and Quantized Time Steps,
VAM_4_General_Relativity_from_Structured_Swirl/VAM-4-EmergentGeneralRelativityFromStructuredSwirlDynamicsInVAM.tex,subsection: Gravitational Emergence from Swirl Curvature,
VAM_4_General_Relativity_from_Structured_Swirl/VAM-4-EmergentGeneralRelativityFromStructuredSwirlDynamicsInVAM.tex,subsection: Experimental Signatures Beyond SR,
VAM_4_General_Relativity_from_Structured_Swirl/VAM-4-EmergentGeneralRelativityFromStructuredSwirlDynamicsInVAM.tex,subsection: Conclusion: Lorentz Symmetry as an Emergent Limit of Fluid Topology,
VAM_4_General_Relativity_from_Structured_Swirl/VAM-4-EmergentGeneralRelativityFromStructuredSwirlDynamicsInVAM.tex,section: Emergent General Relativity from Structured Swirl Dynamics in the Vortex Æther Model (VAM),
VAM_4_General_Relativity_from_Structured_Swirl/VAM-4-EmergentGeneralRelativityFromStructuredSwirlDynamicsInVAM.tex,subsection: Introduction,
VAM_4_General_Relativity_from_Structured_Swirl/VAM-4-EmergentGeneralRelativityFromStructuredSwirlDynamicsInVAM.tex,subsection: Swirl Metric vs Spacetime Metric,
VAM_4_General_Relativity_from_Structured_Swirl/VAM-4-EmergentGeneralRelativityFromStructuredSwirlDynamicsInVAM.tex,subsection: Effective Gravitational Redshift from Vortex Energy,
VAM_4_General_Relativity_from_Structured_Swirl/VAM-4-EmergentGeneralRelativityFromStructuredSwirlDynamicsInVAM.tex,subsection: Geodesic Deviation as Swirl-Advection,
VAM_4_General_Relativity_from_Structured_Swirl/VAM-4-EmergentGeneralRelativityFromStructuredSwirlDynamicsInVAM.tex,subsection: Light Bending and Swirl Gradient Refraction,
VAM_4_General_Relativity_from_Structured_Swirl/VAM-4-EmergentGeneralRelativityFromStructuredSwirlDynamicsInVAM.tex,subsection: Einstein Tensor Analogue in Fluid Field,
VAM_4_General_Relativity_from_Structured_Swirl/VAM-4-EmergentGeneralRelativityFromStructuredSwirlDynamicsInVAM.tex,subsection: Deviations at High Vorticity,
VAM_4_General_Relativity_from_Structured_Swirl/VAM-4-EmergentGeneralRelativityFromStructuredSwirlDynamicsInVAM.tex,section: Conclusion and Discussion:,
VAM_4_General_Relativity_from_Structured_Swirl/VAM-4-EmergentGeneralRelativityFromStructuredSwirlDynamicsInVAM.tex,section: Toward a Fluid Ontology of Spacetime,
VAM_4_General_Relativity_from_Structured_Swirl/VAM-4-EmergentGeneralRelativityFromStructuredSwirlDynamicsInVAM.tex,subsection: Summary of Results,
VAM_4_General_Relativity_from_Structured_Swirl/VAM-4-EmergentGeneralRelativityFromStructuredSwirlDynamicsInVAM.tex,subsection: Theoretical Implications,
VAM_4_General_Relativity_from_Structured_Swirl/VAM-4-EmergentGeneralRelativityFromStructuredSwirlDynamicsInVAM.tex,subsection: Experimental Prospects,
VAM_4_General_Relativity_from_Structured_Swirl/VAM-4-EmergentGeneralRelativityFromStructuredSwirlDynamicsInVAM.tex,subsection: Outlook,
VAM_4_General_Relativity_from_Structured_Swirl/VAM-4-EmergentGeneralRelativityFromStructuredSwirlDynamicsInVAM.tex,section: Appendix A: Interpretation of \( C_e \) in the Swirl Metric,
VAM_4_General_Relativity_from_Structured_Swirl/VAM-4-EmergentGeneralRelativityFromStructuredSwirlDynamicsInVAM.tex,subsection: Physical Meaning of \( C_e \),
VAM_4_General_Relativity_from_Structured_Swirl/VAM-4-EmergentGeneralRelativityFromStructuredSwirlDynamicsInVAM.tex,subsection: Role in VAM Causal Structure,
VAM_4_General_Relativity_from_Structured_Swirl/VAM-4-EmergentGeneralRelativityFromStructuredSwirlDynamicsInVAM.tex,subsection: Numerical Interpretation,
VAM_4_General_Relativity_from_Structured_Swirl/VAM-4-EmergentGeneralRelativityFromStructuredSwirlDynamicsInVAM.tex,subsection: Summary Table,
VAM_4_General_Relativity_from_Structured_Swirl/VAM-4-EmergentGeneralRelativityFromStructuredSwirlDynamicsInVAM.tex,subsection: Conclusion,
VAM_4_General_Relativity_from_Structured_Swirl/VAM-4-EmergentGeneralRelativityFromStructuredSwirlDynamicsInVAM.tex,section: Appendix B: Temporal constructs in VAM,
VAM_4_General_Relativity_from_Structured_Swirl/VAM-4-EmergentGeneralRelativityFromStructuredSwirlDynamicsInVAM.tex,subsection: Glossary of Temporal Constructs in VAM,
